index,gene,Degree
1,A1BG,1
2,A2M,4
3,AAK1,10
4,AANAT,5
5,AATF,3
6,AATK,3
7,ABCA1,15
8,ABCA7,1
9,ABCB1,6
10,ABCB9,3
11,ABCC1,2
12,ABCC2,2
13,ABCC3,2
14,ABCC8,1
15,ABCF1,3
16,ABCG2,1
17,ABI1,7
18,ABI2,1
19,ABL1,194
20,ABL2,29
21,ABLIM1,11
22,ABLIM2,2
23,ABR,1
24,ACAA2,1
25,ACACA,14
26,ACACB,4
27,ACADM,2
28,ACADVL,1
29,ACAN,7
30,ACAP1,1
31,ACAP2,4
32,ACAT1,6
33,ACAT2,1
34,ACD,5
35,ACE,4
36,ACE2,7
37,ACIN1,4
38,ACLY,12
39,ACO1,2
40,ACO2,1
41,ACOT1,1
42,ACOT13,1
43,ACOT4,2
44,ACOX1,4
45,ACP1,20
46,ACP5,1
47,ACSS2,1
48,ACTA1,1
49,ACTA2,1
50,ACTB,20
51,ACTC1,4
52,ACTG1,2
53,ACTL6A,1
54,ACTN1,12
55,ACTN3,2
56,ACTN4,1
57,ACTR2,11
58,ACVR1,24
59,ACVR1B,20
60,ACVR1C,8
61,ACVR2A,27
62,ACVR2B,32
63,ACVRL1,13
64,ADA,3
65,ADAM10,32
66,ADAM11,4
67,ADAM12,7
68,ADAM15,10
69,ADAM17,28
70,ADAM19,1
71,ADAM2,5
72,ADAM20,2
73,ADAM21,4
74,ADAM22,4
75,ADAM23,7
76,ADAM28,1
77,ADAM29,1
78,ADAM7,2
79,ADAM9,8
80,ADAMTS1,3
81,ADAMTS13,1
82,ADAMTS3,1
83,ADAMTS4,1
84,ADAMTS5,1
85,ADAP1,2
86,ADARB1,3
87,ADCK5,1
88,ADCY1,11
89,ADCY2,4
90,ADCY3,4
91,ADCY5,11
92,ADCY6,9
93,ADCY7,4
94,ADCY8,4
95,ADCY9,4
96,ADCYAP1,13
97,ADCYAP1R1,25
98,ADD1,18
99,ADD2,12
100,ADD3,6
101,ADH1A,1
102,ADH4,1
103,ADIPOQ,4
104,ADIPOR1,2
105,ADIPOR2,2
106,ADM,16
107,ADM2,14
108,ADNP,3
109,ADO,4
110,ADORA1,12
111,ADORA2A,13
112,ADORA2B,12
113,ADORA3,3
114,ADRA1A,8
115,ADRA1B,7
116,ADRA1D,4
117,ADRA2A,56
118,ADRA2B,6
119,ADRA2C,4
120,ADRB1,11
121,ADRB2,82
122,ADRB3,26
123,ADRM1,1
124,ADSL,1
125,AEBP1,1
126,AFAP1,2
127,AFAP1L2,2
128,AFF1,2
129,AFP,2
130,AGAP2,6
131,AGER,11
132,AGL,1
133,AGPS,1
134,AGR2,2
135,AGRN,8
136,AGRP,8
137,AGT,15
138,AGTR1,13
139,AGTR2,6
140,AHCYL1,8
141,AHCYL2,2
142,AHI1,1
143,AHNAK,10
144,AHNAK2,1
145,AHR,1
146,AHSA1,4
147,AHSG,2
148,AHSP,1
149,AICDA,3
150,AIFM1,5
151,AIFM2,1
152,AIMP1,2
153,AIMP2,1
154,AIP,2
155,AIRE,2
156,AJUBA,2
157,AKAP1,3
158,AKAP11,1
159,AKAP12,7
160,AKAP13,2
161,AKAP4,1
162,AKAP5,6
163,AKAP8,4
164,AKAP8L,2
165,AKAP9,2
166,AKR1B1,1
167,AKR1C1,1
168,AKR1C4,2
169,AKT1,316
170,AKT1S1,11
171,AKT2,76
172,AKT3,39
173,ALB,2
174,ALCAM,6
175,ALDH1A1,3
176,ALDH1A2,2
177,ALDH2,4
178,ALDH6A1,1
179,ALDOA,2
180,ALDOB,1
181,ALG2,1
182,ALK,23
183,ALOX15,3
184,ALOX5,8
185,ALPI,2
186,ALPL,1
187,ALPP,1
188,ALX4,1
189,AMBN,1
190,AMBP,1
191,AMBRA1,6
192,AMELX,3
193,AMELY,3
194,AMFR,3
195,AMH,7
196,AMHR2,4
197,AMIGO2,1
198,AMOT,3
199,AMOTL1,1
200,AMOTL2,5
201,AMPH,11
202,ANAPC1,11
203,ANAPC11,4
204,ANAPC2,3
205,ANAPC4,3
206,ANAPC5,2
207,ANAPC7,3
208,ANG,2
209,ANGPT1,4
210,ANGPT2,3
211,ANGPT4,2
212,ANGPTL1,3
213,ANGPTL2,6
214,ANGPTL3,3
215,ANGPTL4,8
216,ANGPTL7,2
217,ANK1,10
218,ANK2,17
219,ANK3,11
220,ANKIB1,1
221,ANKRD11,1
222,ANKRD17,1
223,ANKRD2,2
224,ANKRD28,3
225,ANKRD6,3
226,ANKS1A,1
227,ANKS1B,2
228,ANLN,6
229,ANO7,1
230,ANO9,1
231,ANP32A,5
232,ANP32B,1
233,ANPEP,1
234,ANTXR1,2
235,ANXA1,20
236,ANXA2,11
237,ANXA4,1
238,ANXA5,1
239,ANXA9,1
240,AP1B1,4
241,AP1M1,1
242,AP2A1,2
243,AP2B1,2
244,AP2M1,5
245,AP3B1,2
246,AP3B2,2
247,AP3D1,1
248,APAF1,15
249,APBA1,4
250,APBA2,3
251,APBA3,2
252,APBB1,7
253,APC,24
254,APC2,4
255,APCDD1,2
256,APEX1,21
257,APH1A,4
258,APH1B,4
259,API5,2
260,APIP,1
261,APLF,2
262,APLN,5
263,APLNR,5
264,APLP1,3
265,APLP2,9
266,APOA1,14
267,APOA2,4
268,APOA4,5
269,APOA5,2
270,APOB,17
271,APOBEC3A,1
272,APOBEC3B,1
273,APOBEC3G,1
274,APOC1,1
275,APOC2,4
276,APOC3,7
277,APOC4,1
278,APOD,1
279,APOE,20
280,APOH,2
281,APOO,2
282,APP,53
283,APPL1,5
284,APTX,2
285,AQP1,9
286,AQP2,3
287,AQP4,5
288,AQP5,2
289,AQP6,3
290,AQP9,2
291,AR,105
292,ARAF,9
293,ARAP1,3
294,ARAP2,3
295,ARAP3,2
296,AREG,5
297,ARF1,12
298,ARF3,1
299,ARF5,1
300,ARF6,8
301,ARFGAP1,2
302,ARFGAP2,1
303,ARFGAP3,1
304,ARFGEF1,2
305,ARFGEF2,3
306,ARFIP1,2
307,ARFIP2,1
308,ARG1,1
309,ARHGAP1,11
310,ARHGAP10,1
311,ARHGAP11A,1
312,ARHGAP11B,2
313,ARHGAP12,8
314,ARHGAP15,2
315,ARHGAP17,1
316,ARHGAP18,1
317,ARHGAP19,2
318,ARHGAP20,3
319,ARHGAP21,1
320,ARHGAP22,4
321,ARHGAP24,2
322,ARHGAP26,2
323,ARHGAP27,1
324,ARHGAP28,1
325,ARHGAP29,2
326,ARHGAP30,3
327,ARHGAP31,7
328,ARHGAP32,12
329,ARHGAP33,4
330,ARHGAP35,15
331,ARHGAP39,2
332,ARHGAP4,1
333,ARHGAP5,5
334,ARHGAP6,1
335,ARHGAP8,2
336,ARHGAP9,1
337,ARHGDIA,7
338,ARHGDIB,4
339,ARHGEF1,7
340,ARHGEF10,3
341,ARHGEF11,3
342,ARHGEF12,12
343,ARHGEF15,4
344,ARHGEF17,4
345,ARHGEF18,1
346,ARHGEF19,4
347,ARHGEF2,18
348,ARHGEF3,1
349,ARHGEF4,3
350,ARHGEF5,1
351,ARHGEF6,10
352,ARHGEF7,13
353,ARHGEF9,2
354,ARID1A,4
355,ARID3A,3
356,ARID4A,1
357,ARID4B,4
358,ARID5B,1
359,ARIH1,6
360,ARIH2,2
361,ARMC10,1
362,ARNT,11
363,ARNT2,1
364,ARPC1B,5
365,ARPC2,1
366,ARPC5,4
367,ARPP19,4
368,ARPP21,1
369,ARRB1,19
370,ARRB2,15
371,ARSA,3
372,ART1,2
373,ARTN,5
374,ARVCF,7
375,ARX,1
376,ASAH2B,1
377,ASAP1,3
378,ASAP2,4
379,ASAP3,1
380,ASB11,1
381,ASB2,3
382,ASB3,1
383,ASB4,1
384,ASB8,2
385,ASB9,1
386,ASCC3,1
387,ASCL1,4
388,ASF1A,5
389,ASF1B,2
390,ASGR1,3
391,ASGR2,3
392,ASH2L,2
393,ASIP,8
394,ASPH,3
395,ASTN1,1
396,ASTN2,1
397,ASXL1,4
398,ASXL2,4
399,ASXL3,6
400,ATAD2,4
401,ATAD5,2
402,ATE1,1
403,ATF1,21
404,ATF2,26
405,ATF3,4
406,ATF4,11
407,ATF6,3
408,ATF7,4
409,ATG10,5
410,ATG12,4
411,ATG16L1,12
412,ATG2A,1
413,ATG2B,2
414,ATG3,8
415,ATG4A,2
416,ATG4B,7
417,ATG4D,2
418,ATG5,14
419,ATG7,12
420,ATG9A,5
421,ATM,236
422,ATMIN,1
423,ATN1,10
424,ATOH1,12
425,ATP1A1,7
426,ATP1A3,1
427,ATP1B1,3
428,ATP2A1,2
429,ATP2A2,12
430,ATP2B1,6
431,ATP2B2,5
432,ATP2B4,6
433,ATP2C1,1
434,ATP6AP1,1
435,ATP6AP2,2
436,ATP6V0C,1
437,ATP6V1H,2
438,ATP7A,1
439,ATP7B,1
440,ATR,88
441,ATRIP,7
442,ATRN,1
443,ATRX,3
444,ATXN1,3
445,ATXN10,3
446,ATXN2L,1
447,ATXN3,3
448,ATXN7,7
449,AURKA,92
450,AURKAIP1,1
451,AURKB,65
452,AURKC,3
453,AUTS2,3
454,AVEN,2
455,AVP,16
456,AVPR1A,7
457,AVPR1B,7
458,AVPR2,7
459,AXIN1,37
460,AXIN2,7
461,AXL,21
462,AZGP1,1
463,AZI2,1
464,B2M,23
465,B4GALT1,1
466,B9D1,1
467,BACE1,9
468,BACE2,1
469,BACH1,5
470,BACH2,2
471,BAD,60
472,BAG1,3
473,BAG2,4
474,BAG3,6
475,BAG4,1
476,BAG5,2
477,BAIAP2,10
478,BAIAP2L1,2
479,BAK1,22
480,BAMBI,8
481,BANF1,4
482,BANP,2
483,BAP1,2
484,BARD1,3
485,BARHL1,1
486,BATF,1
487,BAX,37
488,BAZ1B,5
489,BAZ2A,3
490,BBC3,14
491,BBX,1
492,BCAM,3
493,BCAN,2
494,BCAP31,3
495,BCAR1,30
496,BCAR3,3
497,BCAS1,2
498,BCKDHA,4
499,BCKDK,3
500,BCL10,9
501,BCL11B,1
502,BCL2,53
503,BCL2A1,4
504,BCL2L1,32
505,BCL2L11,31
506,BCL2L12,1
507,BCL2L14,1
508,BCL2L2,8
509,BCL3,9
510,BCL6,14
511,BCL7C,6
512,BCL9,7
513,BCLAF1,6
514,BCOR,6
515,BCORL1,4
516,BCR,17
517,BCS1L,1
518,BDKRB1,11
519,BDKRB2,20
520,BDNF,8
521,BDP1,1
522,BECN1,32
523,BEST1,1
524,BEX1,1
525,BFAR,2
526,BGLAP,5
527,BGN,5
528,BHLHE40,1
529,BHLHE41,3
530,BICD1,2
531,BICD2,3
532,BID,40
533,BIK,4
534,BIN1,4
535,BIRC2,18
536,BIRC3,14
537,BIRC5,17
538,BIRC6,5
539,BIRC7,2
540,BIRC8,2
541,BLK,9
542,BLM,17
543,BLNK,6
544,BLVRA,8
545,BLZF1,3
546,BMF,7
547,BMI1,9
548,BMP1,7
549,BMP10,8
550,BMP15,7
551,BMP2,14
552,BMP2K,1
553,BMP3,6
554,BMP4,13
555,BMP5,2
556,BMP6,7
557,BMP7,10
558,BMP8A,7
559,BMP8B,3
560,BMPR1A,32
561,BMPR1B,32
562,BMPR2,30
563,BMX,13
564,BNC1,2
565,BNIP1,2
566,BNIP2,2
567,BNIP3,6
568,BNIP3L,4
569,BOC,8
570,BPHL,1
571,BPI,2
572,BPTF,4
573,BRAF,34
574,BRAP,5
575,BRCA1,43
576,BRCA2,12
577,BRD2,6
578,BRD3,5
579,BRD4,9
580,BRD7,1
581,BRD8,1
582,BRDT,1
583,BRIP1,6
584,BRMS1,4
585,BRS3,2
586,BRSK1,8
587,BRSK2,9
588,BRWD1,1
589,BSG,6
590,BSN,11
591,BSPRY,1
592,BST1,1
593,BST2,1
594,BTAF1,3
595,BTC,5
596,BTF3,2
597,BTG1,3
598,BTG2,9
599,BTG3,1
600,BTK,35
601,BTLA,6
602,BTN1A1,1
603,BTN2A1,1
604,BTN2A2,1
605,BTN3A1,7
606,BTN3A2,3
607,BTN3A3,3
608,BTNL8,8
609,BTNL9,2
610,BTRC,21
611,BUB1,9
612,BUB1B,6
613,BUB3,4
614,BVES,1
615,BZW2,2
616,C1D,1
617,C1QA,7
618,C1QB,4
619,C1QBP,6
620,C1QC,1
621,C1QTNF1,1
622,C1QTNF5,1
623,C1R,2
624,C1RL,1
625,C2,2
626,C3,21
627,C3AR1,2
628,C4A,7
629,C4B,5
630,C4BPA,3
631,C5,4
632,C5AR1,8
633,C9orf72,1
634,C9orf78,5
635,CA12,1
636,CA2,1
637,CA3,1
638,CA9,1
639,CABIN1,2
640,CABLES1,2
641,CABP1,4
642,CABP2,1
643,CABYR,1
644,CACNA1A,4
645,CACNA1B,9
646,CACNA1C,17
647,CACNA1D,5
648,CACNA1E,4
649,CACNA1G,1
650,CACNA1H,5
651,CACNA1S,7
652,CACNB1,2
653,CACNB2,7
654,CACNB4,4
655,CACNG2,6
656,CAD,10
657,CADM1,6
658,CADM2,3
659,CADM3,7
660,CADM4,6
661,CADPS,3
662,CADPS2,3
663,CALB1,1
664,CALCA,14
665,CALCB,13
666,CALCOCO1,1
667,CALCR,8
668,CALCRL,4
669,CALD1,15
670,CALM1,84
671,CALM2,67
672,CALM3,68
673,CALML3,1
674,CALR,16
675,CALU,2
676,CALY,1
677,CAMK1,32
678,CAMK1D,7
679,CAMK1G,4
680,CAMK2A,117
681,CAMK2B,38
682,CAMK2D,41
683,CAMK2G,50
684,CAMK4,29
685,CAMKK1,13
686,CAMKK2,19
687,CAMP,10
688,CAND1,3
689,CAND2,1
690,CANX,13
691,CAP1,2
692,CAPN1,42
693,CAPN2,15
694,CAPN3,7
695,CAPNS1,1
696,CAPRIN1,1
697,CAPRIN2,2
698,CAPZA1,3
699,CAPZB,1
700,CARD11,13
701,CARD14,3
702,CARD16,1
703,CARD18,7
704,CARD8,4
705,CARD9,6
706,CARHSP1,6
707,CARM1,17
708,CASC3,3
709,CASK,13
710,CASKIN1,9
711,CASP1,34
712,CASP10,7
713,CASP14,1
714,CASP2,17
715,CASP3,94
716,CASP4,3
717,CASP5,7
718,CASP6,19
719,CASP7,31
720,CASP8,39
721,CASP8AP2,3
722,CASP9,40
723,CASQ1,1
724,CASQ2,3
725,CASR,7
726,CAST,8
727,CAT,4
728,CATSPER1,3
729,CAV1,31
730,CAV2,4
731,CAV3,2
732,CBFA2T2,3
733,CBFA2T3,2
734,CBFB,1
735,CBL,47
736,CBLB,22
737,CBLC,7
738,CBLL1,4
739,CBR3,1
740,CBS,2
741,CBX1,2
742,CBX3,6
743,CBX4,5
744,CBX5,7
745,CBY1,3
746,CC2D1A,3
747,CC2D2A,1
748,CCBE1,2
749,CCDC106,1
750,CCDC50,2
751,CCDC6,7
752,CCDC65,1
753,CCDC80,1
754,CCDC88A,6
755,CCDC88C,2
756,CCK,4
757,CCKAR,9
758,CCKBR,13
759,CCL1,1
760,CCL11,5
761,CCL13,6
762,CCL14,3
763,CCL15,2
764,CCL16,8
765,CCL17,2
766,CCL18,4
767,CCL19,7
768,CCL2,11
769,CCL20,6
770,CCL21,7
771,CCL22,2
772,CCL23,2
773,CCL24,2
774,CCL25,5
775,CCL26,5
776,CCL27,4
777,CCL28,5
778,CCL3,6
779,CCL3L3,5
780,CCL4,5
781,CCL4L1,3
782,CCL5,14
783,CCL7,11
784,CCL8,4
785,CCM2,1
786,CCNA1,2
787,CCNA2,8
788,CCNB1,20
789,CCNB1IP1,1
790,CCNC,2
791,CCND1,27
792,CCND2,9
793,CCND3,12
794,CCNE1,11
795,CCNE2,1
796,CCNF,3
797,CCNG1,1
798,CCNH,4
799,CCNK,4
800,CCNL2,1
801,CCNO,2
802,CCNT1,2
803,CCNT2,3
804,CCNY,5
805,CCPG1,1
806,CCR1,17
807,CCR10,8
808,CCR2,16
809,CCR3,19
810,CCR4,9
811,CCR5,23
812,CCR6,5
813,CCR7,5
814,CCR8,5
815,CCR9,2
816,CCRL2,2
817,CCT2,3
818,CD14,12
819,CD151,12
820,CD160,1
821,CD163,7
822,CD177,2
823,CD180,1
824,CD19,13
825,CD1A,1
826,CD1B,3
827,CD1C,1
828,CD1D,2
829,CD2,5
830,CD200,4
831,CD200R1,2
832,CD200R1L,2
833,CD209,4
834,CD22,7
835,CD226,4
836,CD244,5
837,CD247,13
838,CD248,1
839,CD27,2
840,CD274,9
841,CD276,3
842,CD28,16
843,CD2AP,4
844,CD300A,1
845,CD300C,3
846,CD300E,4
847,CD300LB,11
848,CD300LF,10
849,CD300LG,1
850,CD320,6
851,CD33,21
852,CD34,6
853,CD36,18
854,CD37,5
855,CD38,2
856,CD3D,9
857,CD3E,6
858,CD3G,9
859,CD4,15
860,CD40,8
861,CD40LG,6
862,CD44,39
863,CD46,6
864,CD47,18
865,CD48,4
866,CD5,13
867,CD52,1
868,CD53,10
869,CD55,1
870,CD58,2
871,CD59,4
872,CD5L,1
873,CD6,7
874,CD63,9
875,CD68,3
876,CD69,6
877,CD7,2
878,CD70,4
879,CD72,7
880,CD74,5
881,CD79A,12
882,CD79B,10
883,CD80,5
884,CD81,20
885,CD82,10
886,CD83,1
887,CD86,3
888,CD8A,1
889,CD9,13
890,CD93,20
891,CD96,2
892,CD99,3
893,CDC14A,15
894,CDC14B,10
895,CDC16,5
896,CDC20,15
897,CDC23,4
898,CDC25A,33
899,CDC25B,25
900,CDC25C,30
901,CDC26,1
902,CDC27,9
903,CDC34,7
904,CDC37,7
905,CDC42,71
906,CDC42BPA,14
907,CDC42BPB,6
908,CDC42EP1,2
909,CDC42EP2,1
910,CDC42EP4,2
911,CDC45,1
912,CDC5L,3
913,CDC6,6
914,CDC7,12
915,CDC73,4
916,CDCA2,1
917,CDCA3,2
918,CDCA4,1
919,CDCA5,4
920,CDCA7,2
921,CDCA8,5
922,CDCP1,2
923,CDH1,36
924,CDH10,2
925,CDH11,2
926,CDH12,1
927,CDH13,2
928,CDH15,2
929,CDH16,1
930,CDH17,2
931,CDH18,1
932,CDH19,1
933,CDH2,9
934,CDH20,1
935,CDH22,1
936,CDH23,1
937,CDH24,1
938,CDH3,4
939,CDH4,4
940,CDH5,12
941,CDH6,3
942,CDH7,2
943,CDH8,1
944,CDH9,2
945,CDHR2,2
946,CDK1,521
947,CDK10,1
948,CDK11A,7
949,CDK11B,5
950,CDK12,2
951,CDK13,10
952,CDK14,3
953,CDK16,9
954,CDK18,2
955,CDK19,2
956,CDK2,442
957,CDK20,1
958,CDK2AP1,2
959,CDK3,14
960,CDK4,44
961,CDK5,118
962,CDK5R1,11
963,CDK5RAP2,9
964,CDK5RAP3,2
965,CDK6,31
966,CDK7,25
967,CDK8,9
968,CDK9,22
969,CDKL5,3
970,CDKN1A,69
971,CDKN1B,49
972,CDKN1C,5
973,CDKN2A,24
974,CDKN2AIP,2
975,CDKN2B,5
976,CDKN2C,2
977,CDKN2D,9
978,CDKN3,1
979,CDO1,1
980,CDON,10
981,CDR2,1
982,CDS1,8
983,CDT1,10
984,CDV3,1
985,CDX1,1
986,CDX2,6
987,CDX4,1
988,CDYL,1
989,CEACAM1,14
990,CEACAM16,2
991,CEACAM19,1
992,CEACAM20,1
993,CEACAM21,2
994,CEACAM3,3
995,CEACAM4,2
996,CEACAM5,8
997,CEACAM6,7
998,CEACAM7,3
999,CEACAM8,6
1000,CEBPA,26
1001,CEBPB,31
1002,CEBPD,2
1003,CEBPE,4
1004,CEBPG,1
1005,CEL,1
1006,CELF1,5
1007,CELF2,1
1008,CELF6,1
1009,CELSR1,1
1010,CELSR2,1
1011,CENPA,8
1012,CENPB,1
1013,CENPE,8
1014,CENPF,1
1015,CENPJ,4
1016,CENPK,1
1017,CENPQ,1
1018,CEP135,2
1019,CEP152,2
1020,CEP164,3
1021,CEP170,1
1022,CEP192,2
1023,CEP250,7
1024,CEP290,2
1025,CEP55,3
1026,CEP63,2
1027,CEP68,1
1028,CEP72,1
1029,CEP76,2
1030,CER1,1
1031,CERK,1
1032,CETN1,4
1033,CETN2,5
1034,CETN3,1
1035,CFB,2
1036,CFC1,6
1037,CFC1B,1
1038,CFD,1
1039,CFH,8
1040,CFHR1,2
1041,CFI,2
1042,CFL1,20
1043,CFL2,10
1044,CFLAR,11
1045,CFP,1
1046,CFTR,25
1047,CGA,16
1048,CGB5,4
1049,CGB7,1
1050,CGN,6
1051,CGRRF1,1
1052,CH25H,1
1053,CHAD,2
1054,CHAF1A,1
1055,CHAF1B,6
1056,CHAT,8
1057,CHCHD2,1
1058,CHCHD3,1
1059,CHD1,1
1060,CHD1L,1
1061,CHD2,3
1062,CHD3,4
1063,CHD4,7
1064,CHD8,1
1065,CHEK1,68
1066,CHEK2,53
1067,CHFR,12
1068,CHGA,1
1069,CHIA,1
1070,CHKA,5
1071,CHKB,1
1072,CHL1,10
1073,CHM,2
1074,CHMP2A,1
1075,CHMP4B,1
1076,CHMP4C,2
1077,CHN1,2
1078,CHN2,5
1079,CHRD,1
1080,CHRM1,7
1081,CHRM2,8
1082,CHRM3,7
1083,CHRM4,5
1084,CHRM5,7
1085,CHRNA1,3
1086,CHRNA10,1
1087,CHRNA3,1
1088,CHRNA4,2
1089,CHRNA7,4
1090,CHRNA9,1
1091,CHRNB1,2
1092,CHRNB2,1
1093,CHRNB3,2
1094,CHRNB4,1
1095,CHRND,3
1096,CHRNG,1
1097,CHTF18,3
1098,CHUK,49
1099,CIB1,4
1100,CIB2,2
1101,CIC,8
1102,CIDEC,1
1103,CIITA,12
1104,CIR1,1
1105,CIRBP,1
1106,CISD2,1
1107,CISH,4
1108,CIT,5
1109,CITED1,1
1110,CITED2,1
1111,CKAP2,2
1112,CKAP4,2
1113,CKB,2
1114,CKLF,2
1115,CKMT1A,1
1116,CKS1B,2
1117,CKS2,2
1118,CLASP1,8
1119,CLASP2,8
1120,CLCF1,5
1121,CLCN3,3
1122,CLDN1,10
1123,CLDN11,4
1124,CLDN12,1
1125,CLDN14,1
1126,CLDN16,3
1127,CLDN19,5
1128,CLDN2,7
1129,CLDN3,5
1130,CLDN4,9
1131,CLDN5,4
1132,CLDN6,5
1133,CLDN7,9
1134,CLDN8,5
1135,CLDN9,2
1136,CLEC10A,1
1137,CLEC11A,3
1138,CLEC12A,1
1139,CLEC12B,2
1140,CLEC14A,4
1141,CLEC1B,2
1142,CLEC2B,2
1143,CLEC2D,1
1144,CLEC2L,3
1145,CLEC3A,1
1146,CLEC4A,2
1147,CLEC4G,2
1148,CLEC4M,2
1149,CLEC7A,1
1150,CLIC5,1
1151,CLIP1,23
1152,CLIP2,2
1153,CLK1,6
1154,CLK2,6
1155,CLK3,1
1156,CLK4,1
1157,CLMN,3
1158,CLN8,2
1159,CLOCK,3
1160,CLSPN,13
1161,CLTA,1
1162,CLTB,3
1163,CLTC,7
1164,CLTCL1,2
1165,CLU,4
1166,CLUL1,1
1167,CMA1,3
1168,CMKLR1,1
1169,CNBP,1
1170,CNGA2,1
1171,CNKSR1,4
1172,CNKSR2,1
1173,CNN1,4
1174,CNN3,2
1175,CNOT3,1
1176,CNOT4,7
1177,CNP,2
1178,CNR1,12
1179,CNR2,8
1180,CNTF,6
1181,CNTFR,9
1182,CNTN1,19
1183,CNTN2,5
1184,CNTN3,3
1185,CNTN4,3
1186,CNTN5,7
1187,CNTN6,2
1188,CNTNAP1,3
1189,CNTNAP2,3
1190,CNTNAP4,1
1191,CNTROB,1
1192,COASY,1
1193,COBL,4
1194,COIL,8
1195,COL10A1,1
1196,COL11A1,3
1197,COL13A1,4
1198,COL14A1,1
1199,COL16A1,1
1200,COL17A1,3
1201,COL18A1,10
1202,COL1A1,22
1203,COL1A2,21
1204,COL2A1,14
1205,COL3A1,9
1206,COL4A1,10
1207,COL4A2,6
1208,COL4A3,14
1209,COL4A4,10
1210,COL4A5,9
1211,COL4A6,9
1212,COL5A1,9
1213,COL5A2,8
1214,COL5A3,5
1215,COL6A1,5
1216,COL6A2,4
1217,COL6A3,4
1218,COL6A5,1
1219,COL6A6,1
1220,COL7A1,3
1221,COL8A1,3
1222,COL8A2,2
1223,COL9A1,3
1224,COL9A2,2
1225,COL9A3,2
1226,COLEC11,1
1227,COLQ,1
1228,COMMD1,1
1229,COMMD5,1
1230,COMP,9
1231,COPA,3
1232,COPS3,2
1233,COPS5,10
1234,COPS6,2
1235,CORIN,1
1236,CORO1A,1
1237,CORO1B,3
1238,CORO1C,1
1239,CORO7,1
1240,CORT,10
1241,COTL1,1
1242,COX5B,3
1243,CP,4
1244,CPAMD8,1
1245,CPE,3
1246,CPEB1,2
1247,CPM,2
1248,CPN1,1
1249,CPNE3,1
1250,CPS1,1
1251,CPSF3,1
1252,CR1,6
1253,CR1L,2
1254,CR2,10
1255,CRABP1,1
1256,CRABP2,1
1257,CRADD,2
1258,CRAT,1
1259,CREB1,75
1260,CREB3,2
1261,CREB3L1,2
1262,CREB3L2,1
1263,CREB5,2
1264,CREBBP,56
1265,CREM,16
1266,CRH,13
1267,CRHR1,9
1268,CRHR2,4
1269,CRIP2,2
1270,CRISP2,1
1271,CRISP3,1
1272,CRK,26
1273,CRKL,14
1274,CRLF1,4
1275,CRLF2,3
1276,CRLF3,1
1277,CRMP1,7
1278,CROCC,2
1279,CRP,3
1280,CRTAM,6
1281,CRTC1,6
1282,CRTC2,13
1283,CRTC3,3
1284,CRX,4
1285,CRY1,3
1286,CRY2,5
1287,CRYAA,13
1288,CRYAB,13
1289,CRYBA1,1
1290,CRYBA2,3
1291,CRYBA4,2
1292,CRYBB1,1
1293,CRYBB2,4
1294,CRYBB3,1
1295,CRYGB,1
1296,CRYGC,2
1297,CRYGD,1
1298,CRYGS,1
1299,CRYZ,1
1300,CSAG2,1
1301,CSDE1,2
1302,CSE1L,1
1303,CSF1,5
1304,CSF1R,22
1305,CSF2,8
1306,CSF2RA,9
1307,CSF2RB,12
1308,CSF3,3
1309,CSF3R,12
1310,CSH1,1
1311,CSH2,1
1312,CSHL1,1
1313,CSK,57
1314,CSMD1,3
1315,CSN1S1,2
1316,CSN2,4
1317,CSNK1A1,99
1318,CSNK1A1L,17
1319,CSNK1D,85
1320,CSNK1E,151
1321,CSNK1G1,23
1322,CSNK1G2,15
1323,CSNK1G3,10
1324,CSNK2A1,319
1325,CSNK2A2,224
1326,CSNK2B,33
1327,CSPG4,3
1328,CSRP3,3
1329,CST4,2
1330,CSTF1,1
1331,CSTF2,1
1332,CSTF2T,2
1333,CTBP1,12
1334,CTBP2,3
1335,CTCF,4
1336,CTDP1,8
1337,CTDSP1,5
1338,CTDSP2,4
1339,CTDSPL,5
1340,CTDSPL2,1
1341,CTF1,2
1342,CTH,1
1343,CTHRC1,7
1344,CTLA4,15
1345,CTNNA1,5
1346,CTNNA2,6
1347,CTNNA3,3
1348,CTNNB1,143
1349,CTNNBIP1,1
1350,CTNND1,23
1351,CTNND2,10
1352,CTPS2,1
1353,CTR9,6
1354,CTSB,4
1355,CTSD,5
1356,CTSE,1
1357,CTSF,12
1358,CTSG,8
1359,CTSH,2
1360,CTSK,1
1361,CTSS,15
1362,CTTN,32
1363,CTTNBP2,2
1364,CTTNBP2NL,3
1365,CUBN,1
1366,CUEDC2,1
1367,CUL1,9
1368,CUL2,4
1369,CUL3,18
1370,CUL4A,5
1371,CUL4B,1
1372,CUL5,3
1373,CUL9,1
1374,CUX1,5
1375,CUX2,1
1376,CX3CL1,4
1377,CX3CR1,2
1378,CXADR,3
1379,CXCL1,9
1380,CXCL10,9
1381,CXCL11,7
1382,CXCL12,17
1383,CXCL13,7
1384,CXCL14,1
1385,CXCL16,4
1386,CXCL17,1
1387,CXCL2,8
1388,CXCL3,6
1389,CXCL5,6
1390,CXCL6,5
1391,CXCL9,8
1392,CXCR1,8
1393,CXCR2,11
1394,CXCR3,15
1395,CXCR4,28
1396,CXCR5,1
1397,CXCR6,1
1398,CXXC4,1
1399,CXXC5,1
1400,CYBA,2
1401,CYBB,1
1402,CYC1,1
1403,CYCS,14
1404,CYFIP1,1
1405,CYLD,11
1406,CYP11A1,2
1407,CYP17A1,5
1408,CYP19A1,2
1409,CYP1A2,1
1410,CYP26A1,1
1411,CYP2B6,2
1412,CYP2C18,1
1413,CYP2C9,2
1414,CYP2D6,1
1415,CYP2F1,1
1416,CYP3A4,3
1417,CYP3A5,1
1418,CYP7A1,3
1419,CYP8B1,1
1420,CYSLTR1,6
1421,CYSLTR2,4
1422,CYTH1,2
1423,CYTH2,5
1424,CYTL1,1
1425,DAAM1,5
1426,DAB1,12
1427,DAB2,17
1428,DAB2IP,19
1429,DACH1,1
1430,DACH2,2
1431,DACT1,2
1432,DAG1,16
1433,DAGLA,4
1434,DAP,1
1435,DAP3,3
1436,DAPK1,46
1437,DAPK2,10
1438,DAPK3,21
1439,DAPP1,4
1440,DAXX,15
1441,DAZAP1,1
1442,DAZL,1
1443,DBF4,4
1444,DBI,2
1445,DBN1,4
1446,DBNDD1,1
1447,DBNL,1
1448,DBP,3
1449,DCAF7,2
1450,DCBLD2,2
1451,DCC,21
1452,DCHS1,1
1453,DCK,1
1454,DCLK1,6
1455,DCLK3,6
1456,DCLRE1A,2
1457,DCLRE1B,5
1458,DCLRE1C,3
1459,DCN,12
1460,DCP1A,1
1461,DCST1,1
1462,DCT,1
1463,DCTN1,4
1464,DCTN2,1
1465,DCTN4,1
1466,DCTN6,2
1467,DCX,14
1468,DDB1,3
1469,DDB2,9
1470,DDC,2
1471,DDHD1,3
1472,DDIT3,16
1473,DDIT4,1
1474,DDR1,35
1475,DDR2,16
1476,DDX1,2
1477,DDX17,3
1478,DDX19B,1
1479,DDX20,3
1480,DDX21,4
1481,DDX23,3
1482,DDX24,1
1483,DDX25,1
1484,DDX3X,6
1485,DDX3Y,1
1486,DDX41,1
1487,DDX42,4
1488,DDX46,1
1489,DDX5,10
1490,DDX6,1
1491,DEAF1,5
1492,DEF6,5
1493,DEFA5,1
1494,DEFB1,1
1495,DEFB103B,2
1496,DEFB104A,2
1497,DEFB106A,1
1498,DEFB4A,4
1499,DEK,2
1500,DENND3,3
1501,DENND4A,1
1502,DENND4C,1
1503,DENR,1
1504,DEPDC1,1
1505,DEPDC5,1
1506,DERL1,2
1507,DES,11
1508,DFFA,4
1509,DFFB,2
1510,DGCR8,4
1511,DGKA,1
1512,DGKD,1
1513,DGKG,1
1514,DGKZ,2
1515,DGUOK,1
1516,DHCR24,1
1517,DHCR7,1
1518,DHFR,1
1519,DHH,5
1520,DHPS,2
1521,DHX16,3
1522,DHX29,1
1523,DHX36,1
1524,DHX58,7
1525,DHX8,2
1526,DHX9,7
1527,DIABLO,12
1528,DIAPH1,2
1529,DIAPH2,1
1530,DIAPH3,2
1531,DICER1,2
1532,DIDO1,3
1533,DIO2,2
1534,DIP2A,5
1535,DISC1,4
1536,DISP1,1
1537,DISP2,1
1538,DIXDC1,4
1539,DKC1,3
1540,DKK1,6
1541,DKK2,4
1542,DKK3,1
1543,DKK4,4
1544,DLC1,5
1545,DLD,1
1546,DLG1,14
1547,DLG2,4
1548,DLG3,4
1549,DLG4,48
1550,DLG5,1
1551,DLGAP1,14
1552,DLGAP2,14
1553,DLGAP3,4
1554,DLGAP4,10
1555,DLGAP5,8
1556,DLK1,14
1557,DLK2,1
1558,DLL1,9
1559,DLL3,6
1560,DLL4,6
1561,DLX2,2
1562,DLX3,2
1563,DLX5,6
1564,DMAP1,3
1565,DMC1,1
1566,DMD,3
1567,DMP1,2
1568,DMPK,3
1569,DMXL2,2
1570,DNAJA3,2
1571,DNAJB1,2
1572,DNAJB11,1
1573,DNAJB12,1
1574,DNAJB2,1
1575,DNAJB9,1
1576,DNAJC13,1
1577,DNAJC3,3
1578,DNAJC30,1
1579,DNAJC5,7
1580,DNAJC6,2
1581,DNER,1
1582,DNM1,19
1583,DNM1L,13
1584,DNM2,13
1585,DNMBP,1
1586,DNMT1,14
1587,DNMT3A,3
1588,DNMT3B,1
1589,DNMT3L,1
1590,DNTTIP2,1
1591,DOC2A,1
1592,DOCK1,7
1593,DOCK10,1
1594,DOCK2,1
1595,DOCK3,1
1596,DOCK4,1
1597,DOCK7,6
1598,DOCK8,2
1599,DOK1,21
1600,DOK2,6
1601,DOK3,2
1602,DOK4,5
1603,DOK5,2
1604,DOK6,1
1605,DOK7,1
1606,DOT1L,1
1607,DPF2,3
1608,DPF3,1
1609,DPH5,1
1610,DPP10,1
1611,DPP3,2
1612,DPP4,27
1613,DPP6,1
1614,DPYD,1
1615,DPYSL2,11
1616,DPYSL3,3
1617,DPYSL5,2
1618,DRAP1,1
1619,DRD1,11
1620,DRD2,18
1621,DRD3,9
1622,DRD4,6
1623,DRD5,8
1624,DRG1,1
1625,DSC1,4
1626,DSC2,5
1627,DSC3,5
1628,DSCAM,14
1629,DSCAML1,6
1630,DSG1,4
1631,DSG2,3
1632,DSG3,5
1633,DSG4,4
1634,DSN1,2
1635,DSP,4
1636,DSPP,2
1637,DSTN,3
1638,DTD1,1
1639,DTL,5
1640,DTNB,2
1641,DTNBP1,4
1642,DTX1,6
1643,DTX2,1
1644,DTX3,1
1645,DTX3L,1
1646,DTX4,3
1647,DTYMK,1
1648,DUOX1,1
1649,DUSP1,18
1650,DUSP10,4
1651,DUSP11,1
1652,DUSP12,1
1653,DUSP13,1
1654,DUSP14,3
1655,DUSP16,6
1656,DUSP18,6
1657,DUSP19,2
1658,DUSP2,2
1659,DUSP22,7
1660,DUSP23,2
1661,DUSP26,4
1662,DUSP3,17
1663,DUSP4,6
1664,DUSP5,5
1665,DUSP6,6
1666,DUSP7,3
1667,DUSP8,2
1668,DUSP9,5
1669,DUT,3
1670,DVL1,43
1671,DVL2,30
1672,DVL3,21
1673,DYDC1,1
1674,DYM,1
1675,DYNC1H1,2
1676,DYNC1I1,1
1677,DYNC1I2,1
1678,DYNC1LI1,5
1679,DYNC1LI2,2
1680,DYNLL1,5
1681,DYNLL2,2
1682,DYNLRB1,1
1683,DYRK1A,32
1684,DYRK1B,15
1685,DYRK2,20
1686,DYRK3,3
1687,DYSF,3
1688,DZIP3,3
1689,E2F1,73
1690,E2F2,8
1691,E2F3,7
1692,E2F4,9
1693,E2F5,2
1694,E2F6,6
1695,E2F7,2
1696,E2F8,1
1697,E4F1,3
1698,EAF1,1
1699,EAF2,1
1700,EBAG9,4
1701,EBF1,1
1702,EBI3,2
1703,ECD,1
1704,ECE1,3
1705,ECM1,1
1706,ECSIT,4
1707,ECT2,5
1708,EDA,4
1709,EDA2R,3
1710,EDAR,3
1711,EDC3,2
1712,EDC4,1
1713,EDF1,1
1714,EDIL3,3
1715,EDN1,6
1716,EDN2,4
1717,EDN3,4
1718,EDNRA,14
1719,EDNRB,15
1720,EEA1,3
1721,EED,2
1722,EEF1A1,7
1723,EEF1A2,3
1724,EEF1B2,2
1725,EEF1D,2
1726,EEF1E1,2
1727,EEF2,9
1728,EEF2K,27
1729,EFEMP1,1
1730,EFEMP2,7
1731,EFHC1,1
1732,EFHD1,1
1733,EFHD2,1
1734,EFNA1,11
1735,EFNA2,10
1736,EFNA3,12
1737,EFNA4,10
1738,EFNA5,13
1739,EFNB1,21
1740,EFNB2,19
1741,EFNB3,9
1742,EFR3A,2
1743,EFS,4
1744,EFTUD2,1
1745,EGF,16
1746,EGFR,208
1747,EGLN1,4
1748,EGLN2,8
1749,EGLN3,5
1750,EGR1,26
1751,EGR2,3
1752,EHD1,1
1753,EHD4,1
1754,EHMT1,3
1755,EHMT2,13
1756,EID1,3
1757,EID2,1
1758,EIF1B,1
1759,EIF2A,5
1760,EIF2AK1,1
1761,EIF2AK2,26
1762,EIF2AK3,16
1763,EIF2AK4,4
1764,EIF2B1,4
1765,EIF2B2,4
1766,EIF2B3,4
1767,EIF2B4,4
1768,EIF2B5,12
1769,EIF2S1,22
1770,EIF2S2,13
1771,EIF2S3,7
1772,EIF3A,2
1773,EIF3B,4
1774,EIF3C,3
1775,EIF3E,1
1776,EIF3F,5
1777,EIF3G,1
1778,EIF3I,2
1779,EIF3J,3
1780,EIF4A1,3
1781,EIF4A3,1
1782,EIF4B,16
1783,EIF4E,18
1784,EIF4E2,1
1785,EIF4EBP1,27
1786,EIF4EBP2,2
1787,EIF4EBP3,2
1788,EIF4ENIF1,5
1789,EIF4G1,9
1790,EIF4G2,10
1791,EIF4G3,4
1792,EIF4H,2
1793,EIF5,5
1794,EIF5A,1
1795,EIF5B,6
1796,EIF6,4
1797,ELANE,8
1798,ELAVL1,29
1799,ELAVL2,1
1800,ELAVL3,2
1801,ELAVL4,2
1802,ELF1,3
1803,ELF2,1
1804,ELF3,2
1805,ELF4,4
1806,ELK1,14
1807,ELK3,8
1808,ELK4,5
1809,ELL,2
1810,ELMO1,6
1811,ELMO2,3
1812,ELN,2
1813,ELOVL7,1
1814,ELP3,3
1815,EMB,8
1816,EMD,4
1817,EML3,1
1818,EML4,1
1819,EN2,1
1820,ENAH,7
1821,ENAM,2
1822,ENC1,1
1823,ENDOG,4
1824,ENG,31
1825,ENHO,1
1826,ENO1,4
1827,ENOX2,1
1828,ENPEP,3
1829,ENPP1,3
1830,ENSA,3
1831,ENTPD1,4
1832,EP300,110
1833,EP400,6
1834,EPAS1,5
1835,EPB41,8
1836,EPB41L1,5
1837,EPB41L2,4
1838,EPB41L3,4
1839,EPB42,1
1840,EPCAM,3
1841,EPGN,3
1842,EPHA1,8
1843,EPHA10,8
1844,EPHA2,20
1845,EPHA3,19
1846,EPHA4,17
1847,EPHA5,7
1848,EPHA6,8
1849,EPHA7,9
1850,EPHA8,6
1851,EPHB1,12
1852,EPHB2,23
1853,EPHB3,6
1854,EPHB4,5
1855,EPHB6,7
1856,EPHX1,1
1857,EPHX2,1
1858,EPM2A,6
1859,EPN1,5
1860,EPN2,4
1861,EPO,5
1862,EPOR,23
1863,EPS15,6
1864,EPS15L1,5
1865,EPS8,4
1866,EPS8L2,1
1867,EPX,4
1868,ERAL1,1
1869,ERAP1,1
1870,ERBB2,85
1871,ERBB3,44
1872,ERBB4,36
1873,ERC1,2
1874,ERCC1,1
1875,ERCC2,2
1876,ERCC3,3
1877,ERCC4,1
1878,ERCC5,7
1879,ERCC6,8
1880,ERCC6L,2
1881,ERCC8,5
1882,EREG,5
1883,ERF,2
1884,ERG,5
1885,ERGIC1,1
1886,ERGIC3,1
1887,ERH,2
1888,ERN1,7
1889,ERN2,1
1890,ERP44,1
1891,ERRFI1,5
1892,ESAM,3
1893,ESCO1,5
1894,ESM1,1
1895,ESPL1,6
1896,ESPN,1
1897,ESR1,97
1898,ESR2,10
1899,ESRRA,7
1900,ESRRB,2
1901,ESRRG,2
1902,ETAA1,1
1903,ETS1,20
1904,ETS2,9
1905,ETV1,8
1906,ETV2,1
1907,ETV3,1
1908,ETV4,1
1909,ETV5,3
1910,ETV6,5
1911,EVC,1
1912,EVC2,2
1913,EVI5,2
1914,EVL,4
1915,EVPL,2
1916,EWSR1,9
1917,EXO1,6
1918,EXOC2,1
1919,EXOC7,3
1920,EXOC8,1
1921,EXOSC9,1
1922,EXTL1,1
1923,EYA1,4
1924,EYA3,2
1925,EZH2,23
1926,EZR,21
1927,F10,10
1928,F11,7
1929,F11R,13
1930,F12,13
1931,F13A1,4
1932,F2,19
1933,F2R,26
1934,F2RL1,25
1935,F2RL2,9
1936,F2RL3,11
1937,F3,8
1938,F5,6
1939,F7,8
1940,F8,7
1941,F9,7
1942,FA2H,1
1943,FABP3,2
1944,FABP4,5
1945,FABP5,1
1946,FADD,25
1947,FAF1,6
1948,FAIM2,2
1949,FAM102A,1
1950,FAM107A,1
1951,FAM13A,2
1952,FAM13B,2
1953,FAM162A,1
1954,FAM187B,3
1955,FAM193A,1
1956,FAM200A,1
1957,FAM20C,5
1958,FAM3C,3
1959,FAM3D,2
1960,FAM53C,1
1961,FAM83G,3
1962,FAM8A1,2
1963,FANCA,8
1964,FANCC,4
1965,FANCD2,13
1966,FANCE,1
1967,FANCF,1
1968,FANCG,2
1969,FANCI,6
1970,FANCL,8
1971,FANCM,6
1972,FAP,9
1973,FARP2,4
1974,FAS,25
1975,FASLG,7
1976,FASN,2
1977,FAT4,1
1978,FBLIM1,6
1979,FBLN1,2
1980,FBLN2,2
1981,FBLN5,2
1982,FBN1,9
1983,FBP1,5
1984,FBXL12,1
1985,FBXL15,1
1986,FBXL17,2
1987,FBXL2,2
1988,FBXL3,1
1989,FBXL5,2
1990,FBXO11,3
1991,FBXO2,3
1992,FBXO22,1
1993,FBXO3,2
1994,FBXO31,3
1995,FBXO32,2
1996,FBXO33,2
1997,FBXO38,1
1998,FBXO4,3
1999,FBXO43,1
2000,FBXO44,1
2001,FBXO45,1
2002,FBXO5,10
2003,FBXO6,1
2004,FBXO7,2
2005,FBXO8,1
2006,FBXO9,1
2007,FBXW10,1
2008,FBXW11,11
2009,FBXW2,1
2010,FBXW5,2
2011,FBXW7,26
2012,FBXW8,2
2013,FCAMR,2
2014,FCAR,13
2015,FCER1A,2
2016,FCER1G,1
2017,FCER2,1
2018,FCGR1A,7
2019,FCGR2A,19
2020,FCGR2B,4
2021,FCGR2C,5
2022,FCGR3A,1
2023,FCGR3B,2
2024,FCGRT,5
2025,FCN2,3
2026,FCN3,2
2027,FCRL1,9
2028,FCRL3,1
2029,FCRL4,3
2030,FCRL6,1
2031,FDXR,1
2032,FEN1,11
2033,FER,13
2034,FERMT1,1
2035,FERMT2,3
2036,FERMT3,4
2037,FES,11
2038,FEZ1,3
2039,FFAR1,6
2040,FFAR2,8
2041,FFAR3,3
2042,FGA,22
2043,FGB,11
2044,FGD1,1
2045,FGD2,1
2046,FGD3,1
2047,FGD4,1
2048,FGD5,1
2049,FGF1,13
2050,FGF10,6
2051,FGF11,13
2052,FGF12,13
2053,FGF13,14
2054,FGF14,14
2055,FGF16,4
2056,FGF17,4
2057,FGF18,4
2058,FGF19,5
2059,FGF2,20
2060,FGF20,4
2061,FGF21,5
2062,FGF22,3
2063,FGF23,7
2064,FGF3,8
2065,FGF4,6
2066,FGF5,4
2067,FGF6,5
2068,FGF7,5
2069,FGF8,7
2070,FGF9,5
2071,FGFBP1,1
2072,FGFR1,65
2073,FGFR2,39
2074,FGFR3,40
2075,FGFR4,43
2076,FGFRL1,15
2077,FGG,13
2078,FGL1,2
2079,FGR,24
2080,FH,4
2081,FHIT,2
2082,FHL1,5
2083,FHL2,3
2084,FHL5,1
2085,FHOD1,5
2086,FHOD3,1
2087,FIG4,1
2088,FILIP1L,1
2089,FIP1L1,4
2090,FIZ1,2
2091,FKBP15,2
2092,FKBP1A,2
2093,FKBP4,4
2094,FKBP5,3
2095,FKBP6,1
2096,FKBP8,5
2097,FLCN,8
2098,FLG,2
2099,FLI1,7
2100,FLII,5
2101,FLNA,39
2102,FLNB,4
2103,FLNC,5
2104,FLOT1,4
2105,FLOT2,1
2106,FLRT1,4
2107,FLRT2,5
2108,FLRT3,5
2109,FLT1,22
2110,FLT3,21
2111,FLT3LG,1
2112,FLT4,19
2113,FMN2,2
2114,FMNL2,2
2115,FMO1,1
2116,FMR1,5
2117,FN1,41
2118,FNBP1,5
2119,FNBP4,4
2120,FNDC5,2
2121,FNIP1,3
2122,FNIP2,2
2123,FNTA,4
2124,FNTB,3
2125,FOS,26
2126,FOSB,1
2127,FOSL1,6
2128,FOSL2,4
2129,FOXA1,5
2130,FOXA2,8
2131,FOXC1,2
2132,FOXC2,1
2133,FOXD3,1
2134,FOXE3,2
2135,FOXF1,1
2136,FOXF2,2
2137,FOXG1,4
2138,FOXH1,1
2139,FOXI1,3
2140,FOXI2,2
2141,FOXJ1,1
2142,FOXK2,2
2143,FOXL2,27
2144,FOXM1,42
2145,FOXN2,1
2146,FOXO1,69
2147,FOXO3,57
2148,FOXO4,17
2149,FOXP1,5
2150,FOXP2,1
2151,FOXP3,5
2152,FPR1,10
2153,FPR2,8
2154,FPR3,2
2155,FRAT1,5
2156,FRAT2,1
2157,FRK,3
2158,FRS2,10
2159,FRS3,3
2160,FRZB,4
2161,FSCN1,2
2162,FSHB,14
2163,FSHR,3
2164,FST,6
2165,FSTL1,1
2166,FSTL3,1
2167,FSTL5,10
2168,FTH1,1
2169,FTL,1
2170,FTO,1
2171,FUBP1,6
2172,FUNDC1,3
2173,FURIN,14
2174,FUS,21
2175,FUT11,3
2176,FXN,1
2177,FXR1,1
2178,FXYD1,3
2179,FXYD6,1
2180,FYCO1,4
2181,FYN,161
2182,FZD1,17
2183,FZD10,7
2184,FZD2,16
2185,FZD3,32
2186,FZD4,18
2187,FZD5,21
2188,FZD6,11
2189,FZD7,16
2190,FZD8,20
2191,FZD9,4
2192,FZR1,13
2193,G2E3,1
2194,G3BP1,6
2195,G3BP2,3
2196,G6PD,8
2197,GAB1,15
2198,GAB2,19
2199,GABARAP,11
2200,GABARAPL1,5
2201,GABARAPL2,9
2202,GABBR1,8
2203,GABBR2,3
2204,GABPA,6
2205,GABPB1,1
2206,GABPB2,1
2207,GABRA1,6
2208,GABRA2,1
2209,GABRA3,1
2210,GABRA4,1
2211,GABRA5,1
2212,GABRA6,1
2213,GABRB1,5
2214,GABRB2,6
2215,GABRG2,6
2216,GABRR1,5
2217,GAD1,11
2218,GAD2,9
2219,GADD45A,14
2220,GADD45B,1
2221,GADD45GIP1,3
2222,GAK,2
2223,GAL,9
2224,GALM,1
2225,GALNT8,1
2226,GALP,3
2227,GALR1,5
2228,GALR2,9
2229,GALR3,7
2230,GAMT,1
2231,GAN,2
2232,GAP43,11
2233,GAPDH,12
2234,GAR1,1
2235,GAS1,1
2236,GAS2,2
2237,GAS2L1,1
2238,GAS6,4
2239,GAST,5
2240,GATA1,8
2241,GATA2,12
2242,GATA3,14
2243,GATA4,6
2244,GATA6,5
2245,GBF1,5
2246,GBGT1,1
2247,GBX2,1
2248,GC,1
2249,GCC1,1
2250,GCC2,3
2251,GCG,14
2252,GCH1,4
2253,GCHFR,1
2254,GCK,2
2255,GCLC,2
2256,GCLM,1
2257,GCM1,5
2258,GCNT1,1
2259,GDA,1
2260,GDE1,3
2261,GDF1,8
2262,GDF10,3
2263,GDF11,9
2264,GDF15,5
2265,GDF2,6
2266,GDF3,1
2267,GDF5,9
2268,GDF6,3
2269,GDF7,3
2270,GDF9,7
2271,GDI1,1
2272,GDNF,8
2273,GEM,9
2274,GEMIN4,1
2275,GEMIN6,1
2276,GFAP,18
2277,GFI1,8
2278,GFI1B,1
2279,GFPT1,8
2280,GFRA1,7
2281,GFRA2,5
2282,GFRA3,5
2283,GFRA4,2
2284,GFRAL,1
2285,GGA1,1
2286,GGA3,1
2287,GGCX,10
2288,GGNBP2,1
2289,GGT1,3
2290,GH1,4
2291,GH2,1
2292,GHITM,1
2293,GHR,17
2294,GHRH,14
2295,GHRHR,2
2296,GHRL,8
2297,GHSR,12
2298,GIGYF2,5
2299,GIP,14
2300,GIPC1,6
2301,GIPR,1
2302,GIT1,11
2303,GIT2,2
2304,GJA1,21
2305,GJA4,1
2306,GJA5,1
2307,GJA8,1
2308,GJB1,7
2309,GJB2,3
2310,GJB6,1
2311,GJC1,1
2312,GJC2,3
2313,GKAP1,2
2314,GLCCI1,4
2315,GLDN,1
2316,GLE1,1
2317,GLG1,3
2318,GLI1,30
2319,GLI2,16
2320,GLI3,14
2321,GLIPR2,1
2322,GLIS2,7
2323,GLIS3,1
2324,GLMN,1
2325,GLO1,1
2326,GLP1R,3
2327,GLP2R,2
2328,GLRA1,4
2329,GLRA2,1
2330,GLRB,1
2331,GLRX,6
2332,GLS,2
2333,GLS2,3
2334,GLUD1,2
2335,GLUD2,1
2336,GMCL1,2
2337,GMFB,6
2338,GMFG,2
2339,GMIP,3
2340,GML,1
2341,GMNN,5
2342,GMPS,2
2343,GNA11,12
2344,GNA12,43
2345,GNA13,40
2346,GNA14,87
2347,GNA15,29
2348,GNAI1,142
2349,GNAI2,57
2350,GNAI3,138
2351,GNAL,63
2352,GNAO1,95
2353,GNAQ,97
2354,GNAS,92
2355,GNAT1,4
2356,GNAT2,1
2357,GNAZ,83
2358,GNB1,9
2359,GNB2,42
2360,GNB3,7
2361,GNB5,11
2362,GNG12,8
2363,GNG2,4
2364,GNG3,3
2365,GNG4,6
2366,GNGT1,5
2367,GNL3,1
2368,GNMT,2
2369,GNRH1,6
2370,GNRH2,1
2371,GNRHR,24
2372,GOLGA2,8
2373,GOLGA3,4
2374,GOLGA4,1
2375,GOLGA7,3
2376,GOLGB1,3
2377,GOLPH3,2
2378,GOPC,5
2379,GORASP1,5
2380,GORASP2,2
2381,GP1BB,9
2382,GP5,8
2383,GP6,15
2384,GP9,8
2385,GPAA1,1
2386,GPC1,12
2387,GPC2,1
2388,GPC3,11
2389,GPC4,9
2390,GPC5,2
2391,GPC6,6
2392,GPHA2,2
2393,GPHB5,1
2394,GPHN,8
2395,GPI,4
2396,GPIHBP1,2
2397,GPKOW,3
2398,GPM6A,1
2399,GPNMB,1
2400,GPR119,8
2401,GPR132,8
2402,GPR135,1
2403,GPR15,1
2404,GPR151,1
2405,GPR161,2
2406,GPR17,4
2407,GPR174,3
2408,GPR182,1
2409,GPR183,5
2410,GPR19,1
2411,GPR20,24
2412,GPR25,1
2413,GPR26,1
2414,GPR34,3
2415,GPR35,7
2416,GPR37,11
2417,GPR37L1,1
2418,GPR39,1
2419,GPR55,5
2420,GPR75,1
2421,GPR83,1
2422,GPR84,28
2423,GPRC5A,2
2424,GPRC6A,1
2425,GPRIN1,1
2426,GPS1,1
2427,GPSM2,2
2428,GPSM3,3
2429,GPX1,3
2430,GPX2,1
2431,GRAP,21
2432,GRAP2,5
2433,GRB10,20
2434,GRB14,6
2435,GRB2,46
2436,GRB7,10
2437,GREB1,3
2438,GREM1,3
2439,GREM2,2
2440,GRHL1,1
2441,GRHL3,2
2442,GRIA1,14
2443,GRIA2,5
2444,GRIA3,2
2445,GRIA4,8
2446,GRID2,2
2447,GRIK1,3
2448,GRIK2,4
2449,GRIN1,7
2450,GRIN2A,20
2451,GRIN2B,17
2452,GRIN2C,4
2453,GRIN2D,4
2454,GRIP1,3
2455,GRIPAP1,4
2456,GRK1,6
2457,GRK4,4
2458,GRK5,20
2459,GRK6,15
2460,GRK7,2
2461,GRM1,8
2462,GRM2,2
2463,GRM3,3
2464,GRM4,5
2465,GRM5,17
2466,GRM6,1
2467,GRM7,60
2468,GRM8,2
2469,GRN,6
2470,GRP,4
2471,GRPEL1,1
2472,GRPR,11
2473,GRSF1,3
2474,GSC,1
2475,GSDMD,3
2476,GSK3A,74
2477,GSK3B,601
2478,GSN,5
2479,GSR,1
2480,GSTA1,1
2481,GSTA2,1
2482,GSTA4,3
2483,GSTM2,1
2484,GSTO1,1
2485,GSTP1,4
2486,GTF2A1,6
2487,GTF2A1L,2
2488,GTF2A2,2
2489,GTF2B,2
2490,GTF2F1,5
2491,GTF2F2,2
2492,GTF2H1,1
2493,GTF2H2,1
2494,GTF2I,15
2495,GTF2IRD1,2
2496,GTF3C1,6
2497,GTF3C4,1
2498,GTSE1,5
2499,GUCA1B,1
2500,GUCA2A,1
2501,GUCA2B,2
2502,GUCY2C,5
2503,GUCY2D,1
2504,GXYLT1,2
2505,GXYLT2,2
2506,GYPC,1
2507,GYS1,22
2508,GYS2,3
2509,GZMA,5
2510,GZMB,9
2511,HABP4,7
2512,HACE1,4
2513,HAND1,5
2514,HAP1,3
2515,HAPLN1,13
2516,HAS1,1
2517,HAS2,6
2518,HAT1,3
2519,HAUS6,1
2520,HAUS8,1
2521,HAVCR1,9
2522,HAVCR2,4
2523,HAX1,3
2524,HBA1,8
2525,HBB,4
2526,HBEGF,12
2527,HBP1,4
2528,HCFC1,4
2529,HCK,60
2530,HCLS1,8
2531,HCN2,2
2532,HCN4,2
2533,HCRT,3
2534,HCRTR1,11
2535,HCRTR2,8
2536,HCST,4
2537,HDAC1,39
2538,HDAC10,1
2539,HDAC11,1
2540,HDAC2,14
2541,HDAC3,25
2542,HDAC4,20
2543,HDAC5,25
2544,HDAC6,13
2545,HDAC7,13
2546,HDAC8,2
2547,HDAC9,3
2548,HDC,4
2549,HDGF,3
2550,HDLBP,6
2551,HEBP1,4
2552,HECTD1,2
2553,HECTD2,1
2554,HECTD3,5
2555,HECW1,2
2556,HECW2,2
2557,HELB,3
2558,HELLS,4
2559,HELZ,1
2560,HERC1,1
2561,HERC2,7
2562,HERC3,1
2563,HERC4,1
2564,HERC5,2
2565,HERC6,1
2566,HERPUD1,2
2567,HES1,6
2568,HES5,3
2569,HES6,1
2570,HEXIM1,3
2571,HEY1,1
2572,HEY2,1
2573,HFE,3
2574,HGF,10
2575,HGS,4
2576,HHAT,1
2577,HHEX,14
2578,HHIP,3
2579,HHLA2,3
2580,HIC1,8
2581,HIF1A,32
2582,HIF1AN,4
2583,HIF3A,1
2584,HINFP,4
2585,HINT1,1
2586,HIP1,1
2587,HIPK1,3
2588,HIPK2,35
2589,HIPK3,3
2590,HIPK4,1
2591,HIRA,1
2592,HIRIP3,3
2593,HIVEP1,1
2594,HJURP,3
2595,HK1,3
2596,HK2,3
2597,HLA-A,17
2598,HLA-B,13
2599,HLA-C,15
2600,HLA-DMA,4
2601,HLA-DMB,4
2602,HLA-DOA,4
2603,HLA-DOB,4
2604,HLA-DPA1,5
2605,HLA-DPB1,5
2606,HLA-DQA1,5
2607,HLA-DQA2,5
2608,HLA-DQB1,5
2609,HLA-DRA,13
2610,HLA-DRB1,11
2611,HLA-DRB5,5
2612,HLA-E,5
2613,HLA-F,6
2614,HLA-G,7
2615,HLTF,4
2616,HMGA1,15
2617,HMGA2,3
2618,HMGB1,19
2619,HMGB2,5
2620,HMGCR,1
2621,HMGCS2,1
2622,HMGN1,12
2623,HMGN2,6
2624,HMMR,3
2625,HMOX1,6
2626,HMOX2,2
2627,HMX3,1
2628,HNF1A,7
2629,HNF1B,12
2630,HNF4A,67
2631,HNF4G,4
2632,HNRNPA0,3
2633,HNRNPA1,11
2634,HNRNPA2B1,1
2635,HNRNPA3,2
2636,HNRNPC,3
2637,HNRNPD,5
2638,HNRNPF,2
2639,HNRNPH1,7
2640,HNRNPH2,3
2641,HNRNPK,19
2642,HNRNPL,1
2643,HNRNPM,2
2644,HNRNPU,5
2645,HNRNPUL1,2
2646,HOMER1,2
2647,HOMER2,1
2648,HOMER3,1
2649,HOMEZ,3
2650,HOOK1,1
2651,HOOK3,2
2652,HOXA1,2
2653,HOXA10,4
2654,HOXA11,1
2655,HOXA4,1
2656,HOXA5,1
2657,HOXA7,1
2658,HOXA9,3
2659,HOXB1,4
2660,HOXB2,1
2661,HOXB3,1
2662,HOXB4,1
2663,HOXB5,1
2664,HOXB6,2
2665,HOXB7,4
2666,HOXB8,2
2667,HOXB9,2
2668,HOXC6,3
2669,HOXC8,3
2670,HOXC9,1
2671,HOXD10,2
2672,HOXD11,3
2673,HOXD12,6
2674,HOXD13,1
2675,HOXD3,1
2676,HOXD4,1
2677,HOXD9,2
2678,HP,11
2679,HPCA,1
2680,HPN,1
2681,HPX,1
2682,HRAS,43
2683,HRG,3
2684,HRH1,14
2685,HRH2,9
2686,HRH3,4
2687,HRH4,4
2688,HSBP1,1
2689,HSD17B4,1
2690,HSD3B1,2
2691,HSF1,30
2692,HSF2,3
2693,HSF4,2
2694,HSP90AA1,42
2695,HSP90AB1,20
2696,HSP90B1,10
2697,HSPA1A,15
2698,HSPA1B,6
2699,HSPA2,2
2700,HSPA4,3
2701,HSPA5,10
2702,HSPA8,12
2703,HSPA9,2
2704,HSPB1,27
2705,HSPB2,6
2706,HSPB6,4
2707,HSPB8,7
2708,HSPD1,4
2709,HSPG2,8
2710,HSPH1,3
2711,HTATIP2,1
2712,HTATSF1,1
2713,HTR1A,18
2714,HTR1B,9
2715,HTR1D,7
2716,HTR1E,5
2717,HTR1F,3
2718,HTR2A,8
2719,HTR2B,6
2720,HTR2C,13
2721,HTR4,11
2722,HTR5A,1
2723,HTR6,13
2724,HTR7,9
2725,HTRA2,15
2726,HTT,10
2727,HUNK,1
2728,HUS1,1
2729,HUWE1,5
2730,HVCN1,1
2731,HYAL2,1
2732,IAPP,14
2733,IBSP,2
2734,IBTK,1
2735,ICAM1,15
2736,ICAM2,3
2737,ICAM3,7
2738,ICAM4,9
2739,ICAM5,8
2740,ICMT,1
2741,ICOS,2
2742,ICOSLG,5
2743,ID1,7
2744,ID2,13
2745,ID3,9
2746,IDE,1
2747,IDH1,2
2748,IDH2,5
2749,IDH3A,1
2750,IDH3G,1
2751,IER3,10
2752,IFI16,7
2753,IFIH1,10
2754,IFIT1,1
2755,IFITM1,2
2756,IFITM3,1
2757,IFNA10,2
2758,IFNA13,3
2759,IFNA14,2
2760,IFNA16,2
2761,IFNA17,2
2762,IFNA2,3
2763,IFNA21,2
2764,IFNA4,2
2765,IFNA5,2
2766,IFNA6,2
2767,IFNA7,2
2768,IFNA8,2
2769,IFNAR1,29
2770,IFNAR2,27
2771,IFNB1,7
2772,IFNE,2
2773,IFNG,8
2774,IFNGR1,13
2775,IFNGR2,4
2776,IFNK,2
2777,IFNW1,2
2778,IFT88,1
2779,IGBP1,1
2780,IGDCC3,2
2781,IGDCC4,7
2782,IGF1,6
2783,IGF1R,114
2784,IGF2,4
2785,IGF2BP1,3
2786,IGF2R,12
2787,IGFBP1,5
2788,IGFBP3,9
2789,IGFBP4,3
2790,IGFBPL1,1
2791,IGSF1,1
2792,IGSF10,4
2793,IGSF11,4
2794,IGSF21,9
2795,IGSF3,1
2796,IGSF5,6
2797,IGSF8,1
2798,IGSF9B,2
2799,IHH,5
2800,IKBKB,75
2801,IKBKE,35
2802,IKBKG,25
2803,IKZF1,7
2804,IL10,14
2805,IL10RA,6
2806,IL10RB,10
2807,IL11,4
2808,IL11RA,2
2809,IL12A,5
2810,IL12B,5
2811,IL12RB1,6
2812,IL12RB2,3
2813,IL13,6
2814,IL13RA1,5
2815,IL13RA2,2
2816,IL15,5
2817,IL15RA,6
2818,IL16,20
2819,IL17A,2
2820,IL17B,1
2821,IL17C,2
2822,IL17F,2
2823,IL17RA,4
2824,IL17RB,2
2825,IL17RC,4
2826,IL17RE,1
2827,IL18,9
2828,IL18BP,5
2829,IL18R1,2
2830,IL18RAP,1
2831,IL19,2
2832,IL1A,5
2833,IL1B,9
2834,IL1F10,5
2835,IL1R1,14
2836,IL1R2,4
2837,IL1RAP,7
2838,IL1RAPL1,12
2839,IL1RAPL2,8
2840,IL1RL1,6
2841,IL1RL2,3
2842,IL1RN,3
2843,IL2,8
2844,IL20,3
2845,IL20RA,13
2846,IL20RB,6
2847,IL21,3
2848,IL21R,5
2849,IL22,6
2850,IL22RA1,5
2851,IL22RA2,1
2852,IL23A,7
2853,IL23R,6
2854,IL24,5
2855,IL25,1
2856,IL26,3
2857,IL27,1
2858,IL27RA,2
2859,IL2RA,6
2860,IL2RB,11
2861,IL2RG,14
2862,IL3,4
2863,IL31,2
2864,IL31RA,3
2865,IL32,1
2866,IL33,2
2867,IL34,2
2868,IL3RA,4
2869,IL4,8
2870,IL4R,13
2871,IL5,3
2872,IL5RA,4
2873,IL6,8
2874,IL6R,20
2875,IL6ST,26
2876,IL7,3
2877,IL7R,7
2878,IL9,3
2879,IL9R,4
2880,ILDR1,9
2881,ILDR2,5
2882,ILF3,4
2883,ILK,15
2884,ILKAP,2
2885,IMMT,2
2886,IMP3,1
2887,IMP4,1
2888,IMPDH2,1
2889,IMPG2,2
2890,INA,2
2891,INCA1,1
2892,INCENP,11
2893,ING1,6
2894,ING2,2
2895,ING5,1
2896,INHA,4
2897,INHBA,11
2898,INHBB,9
2899,INHBC,4
2900,INHBE,2
2901,INPP5D,6
2902,INPPL1,5
2903,INS,9
2904,INSIG1,4
2905,INSIG2,3
2906,INSL3,12
2907,INSL5,5
2908,INSM1,2
2909,INSR,148
2910,INTS4,1
2911,INVS,2
2912,IP6K2,1
2913,IPO5,2
2914,IQGAP1,12
2915,IQGAP2,1
2916,IQSEC2,6
2917,IRAK1,19
2918,IRAK2,2
2919,IRAK3,2
2920,IRAK4,9
2921,IREB2,5
2922,IRF1,14
2923,IRF2,3
2924,IRF2BP1,2
2925,IRF2BP2,2
2926,IRF3,24
2927,IRF4,2
2928,IRF5,8
2929,IRF7,10
2930,IRF8,4
2931,IRF9,4
2932,IRGC,1
2933,IRS1,72
2934,IRS2,22
2935,IRS4,9
2936,IRX2,2
2937,ISCU,1
2938,ISG15,3
2939,ISG20,1
2940,ISL1,2
2941,ISL2,4
2942,ISLR2,6
2943,ITCH,28
2944,ITGA1,23
2945,ITGA10,3
2946,ITGA11,7
2947,ITGA2,31
2948,ITGA2B,17
2949,ITGA3,28
2950,ITGA4,30
2951,ITGA5,32
2952,ITGA6,29
2953,ITGA7,8
2954,ITGA8,4
2955,ITGA9,16
2956,ITGAD,4
2957,ITGAE,2
2958,ITGAL,10
2959,ITGAM,27
2960,ITGAV,43
2961,ITGAX,5
2962,ITGB1,133
2963,ITGB1BP1,9
2964,ITGB2,44
2965,ITGB3,57
2966,ITGB3BP,4
2967,ITGB4,33
2968,ITGB5,25
2969,ITGB6,12
2970,ITGB7,14
2971,ITGB8,13
2972,ITIH2,2
2973,ITK,19
2974,ITLN1,1
2975,ITM2A,1
2976,ITM2B,1
2977,ITM2C,1
2978,ITPKA,4
2979,ITPKB,2
2980,ITPR1,17
2981,ITPR2,3
2982,ITPR3,2
2983,ITPRIPL1,1
2984,ITSN1,8
2985,ITSN2,2
2986,IYD,2
2987,IZUMO1,2
2988,JAG1,11
2989,JAG2,6
2990,JAK1,59
2991,JAK2,82
2992,JAK3,36
2993,JAKMIP1,2
2994,JAM2,5
2995,JAM3,7
2996,JARID2,3
2997,JAZF1,1
2998,JDP2,5
2999,JKAMP,1
3000,JMJD1C,1
3001,JMJD6,2
3002,JMY,2
3003,JPH1,3
3004,JPH2,1
3005,JPH3,1
3006,JUN,60
3007,JUNB,12
3008,JUND,11
3009,JUP,5
3010,KALRN,2
3011,KANK1,1
3012,KAT2A,8
3013,KAT2B,30
3014,KAT5,23
3015,KATNA1,2
3016,KATNAL2,3
3017,KATNB1,2
3018,KCMF1,1
3019,KCNA1,4
3020,KCNA2,2
3021,KCNA3,3
3022,KCNA4,1
3023,KCNA5,2
3024,KCNAB1,1
3025,KCNAB2,3
3026,KCNB1,8
3027,KCNB2,2
3028,KCNC4,3
3029,KCND1,2
3030,KCND2,12
3031,KCND3,1
3032,KCNE1,3
3033,KCNE3,1
3034,KCNH2,8
3035,KCNIP3,5
3036,KCNIP4,1
3037,KCNJ1,6
3038,KCNJ10,1
3039,KCNJ11,5
3040,KCNJ12,1
3041,KCNJ13,2
3042,KCNJ15,1
3043,KCNJ2,1
3044,KCNJ3,2
3045,KCNJ4,7
3046,KCNJ5,1
3047,KCNJ8,1
3048,KCNK18,2
3049,KCNK3,4
3050,KCNK9,2
3051,KCNMA1,6
3052,KCNN1,1
3053,KCNN2,1
3054,KCNN4,4
3055,KCNQ1,6
3056,KCNQ2,3
3057,KCNQ3,4
3058,KCNQ4,4
3059,KCNQ5,4
3060,KCTD10,3
3061,KCTD12,2
3062,KCTD13,2
3063,KCTD15,3
3064,KDELR1,1
3065,KDM1A,20
3066,KDM2A,1
3067,KDM2B,6
3068,KDM3A,3
3069,KDM4A,2
3070,KDM4B,3
3071,KDM4C,5
3072,KDM5A,6
3073,KDM5B,6
3074,KDM5C,4
3075,KDM6A,4
3076,KDR,37
3077,KEAP1,17
3078,KEL,3
3079,KHDRBS1,11
3080,KHDRBS2,5
3081,KHK,1
3082,KHSRP,10
3083,KIAA0319L,4
3084,KIDINS220,3
3085,KIF11,8
3086,KIF13A,2
3087,KIF13B,3
3088,KIF14,3
3089,KIF1A,4
3090,KIF1B,4
3091,KIF1C,6
3092,KIF20A,5
3093,KIF20B,1
3094,KIF21A,2
3095,KIF22,5
3096,KIF23,6
3097,KIF2A,2
3098,KIF2B,1
3099,KIF2C,6
3100,KIF3A,6
3101,KIF4A,5
3102,KIF5A,1
3103,KIF5B,5
3104,KIF5C,4
3105,KIF7,4
3106,KIFAP3,1
3107,KIFC1,2
3108,KIR2DL1,4
3109,KIR2DL3,5
3110,KIR2DL4,3
3111,KIR2DS4,5
3112,KIR3DL1,14
3113,KIR3DL2,4
3114,KIR3DL3,4
3115,KIRREL3,3
3116,KISS1,6
3117,KISS1R,3
3118,KIT,38
3119,KITLG,3
3120,KL,8
3121,KLB,2
3122,KLC1,6
3123,KLC2,4
3124,KLF1,7
3125,KLF10,3
3126,KLF11,1
3127,KLF12,1
3128,KLF13,2
3129,KLF15,1
3130,KLF16,5
3131,KLF2,3
3132,KLF3,1
3133,KLF4,10
3134,KLF5,4
3135,KLF6,2
3136,KLF7,1
3137,KLF8,3
3138,KLF9,1
3139,KLHL12,3
3140,KLHL13,1
3141,KLHL15,1
3142,KLHL17,1
3143,KLHL18,1
3144,KLHL20,1
3145,KLHL21,1
3146,KLHL25,1
3147,KLHL3,1
3148,KLHL8,1
3149,KLHL9,1
3150,KLK2,5
3151,KLK3,7
3152,KLK4,1
3153,KLKB1,5
3154,KLRB1,5
3155,KLRC1,3
3156,KLRC2,2
3157,KLRD1,5
3158,KLRF1,1
3159,KLRG1,1
3160,KLRG2,2
3161,KLRK1,9
3162,KNG1,13
3163,KPNA1,1
3164,KPNA2,7
3165,KPNA3,1
3166,KPNA4,1
3167,KPNA6,1
3168,KPNB1,2
3169,KRAS,28
3170,KREMEN1,7
3171,KREMEN2,4
3172,KRT1,4
3173,KRT14,2
3174,KRT18,15
3175,KRT19,4
3176,KRT20,2
3177,KRT8,25
3178,KRTAP4-12,7
3179,KSR1,6
3180,KSR2,6
3181,KTN1,3
3182,L1CAM,25
3183,L3MBTL2,4
3184,LACRT,1
3185,LAD1,1
3186,LAG3,12
3187,LAIR1,11
3188,LAIR2,1
3189,LAMA1,14
3190,LAMA2,10
3191,LAMA3,4
3192,LAMA4,6
3193,LAMA5,8
3194,LAMB1,11
3195,LAMB2,5
3196,LAMB3,7
3197,LAMC1,9
3198,LAMC2,9
3199,LAMC3,5
3200,LAMP1,3
3201,LAMP2,3
3202,LARP1,2
3203,LARP4B,1
3204,LARP6,1
3205,LARP7,1
3206,LASP1,11
3207,LAT,29
3208,LAT2,1
3209,LATS1,15
3210,LATS2,18
3211,LAX1,3
3212,LAYN,2
3213,LBP,1
3214,LBR,9
3215,LCAT,1
3216,LCK,119
3217,LCMT1,2
3218,LCN1,1
3219,LCN2,2
3220,LCP1,3
3221,LCP2,17
3222,LCT,1
3223,LCTL,2
3224,LDB1,1
3225,LDHA,5
3226,LDHB,3
3227,LDHC,2
3228,LDLR,27
3229,LEAP2,1
3230,LEF1,21
3231,LEFTY1,3
3232,LEFTY2,3
3233,LEMD3,1
3234,LENG8,1
3235,LEP,3
3236,LEPR,11
3237,LETM1,2
3238,LFNG,7
3239,LGALS1,3
3240,LGALS3,13
3241,LGALS3BP,2
3242,LGALS8,1
3243,LGALS9,6
3244,LGI1,4
3245,LGI2,3
3246,LGI3,5
3247,LGI4,3
3248,LGMN,14
3249,LGR4,7
3250,LGR5,5
3251,LGR6,4
3252,LHB,11
3253,LHCGR,7
3254,LHX1,1
3255,LHX2,2
3256,LHX3,8
3257,LHX4,7
3258,LIF,3
3259,LIFR,17
3260,LIG1,5
3261,LIG3,3
3262,LIG4,4
3263,LILRA1,14
3264,LILRA2,2
3265,LILRA3,14
3266,LILRA4,1
3267,LILRA5,4
3268,LILRA6,9
3269,LILRB1,14
3270,LILRB2,28
3271,LILRB3,9
3272,LILRB4,2
3273,LILRB5,6
3274,LIMA1,2
3275,LIMD1,2
3276,LIME1,2
3277,LIMK1,15
3278,LIMK2,8
3279,LIN28A,1
3280,LIN28B,2
3281,LIN52,1
3282,LIN7A,1
3283,LIN7B,2
3284,LIN7C,3
3285,LIN9,1
3286,LINGO1,4
3287,LINGO4,1
3288,LIPC,1
3289,LIPE,13
3290,LIPH,3
3291,LLGL1,1
3292,LLGL2,1
3293,LMAN1,1
3294,LMAN2,1
3295,LMBR1L,2
3296,LMNA,15
3297,LMNB1,10
3298,LMNB2,2
3299,LMO1,1
3300,LMO2,1
3301,LMO3,1
3302,LMO4,1
3303,LMO7,7
3304,LMTK2,4
3305,LNX1,4
3306,LNX2,1
3307,LONP1,2
3308,LONP2,1
3309,LONRF1,1
3310,LONRF2,1
3311,LONRF3,1
3312,LOX,1
3313,LPA,8
3314,LPAR1,10
3315,LPAR2,12
3316,LPAR3,12
3317,LPAR4,10
3318,LPAR5,6
3319,LPAR6,8
3320,LPCAT2,1
3321,LPIN1,1
3322,LPL,9
3323,LPP,6
3324,LPXN,3
3325,LRBA,1
3326,LRFN1,4
3327,LRFN2,2
3328,LRFN3,1
3329,LRFN4,4
3330,LRFN5,6
3331,LRIG1,8
3332,LRIG2,1
3333,LRIT1,2
3334,LRIT2,2
3335,LRP1,53
3336,LRP10,1
3337,LRP11,1
3338,LRP12,1
3339,LRP1B,2
3340,LRP2,43
3341,LRP3,1
3342,LRP4,11
3343,LRP5,35
3344,LRP6,61
3345,LRP8,9
3346,LRPAP1,10
3347,LRRC4,8
3348,LRRC45,1
3349,LRRC4B,8
3350,LRRC4C,16
3351,LRRC52,2
3352,LRRC7,1
3353,LRRFIP1,2
3354,LRRFIP2,1
3355,LRRK1,3
3356,LRRK2,38
3357,LRRN1,3
3358,LRRN2,1
3359,LRRN3,2
3360,LRRTM2,11
3361,LRRTM3,2
3362,LRRTM4,1
3363,LRSAM1,2
3364,LRTM2,1
3365,LSAMP,2
3366,LSP1,3
3367,LSR,3
3368,LTA,5
3369,LTA4H,1
3370,LTB,3
3371,LTB4R,7
3372,LTB4R2,3
3373,LTBP1,2
3374,LTBP2,1
3375,LTBP3,1
3376,LTBR,6
3377,LTC4S,11
3378,LTF,13
3379,LTK,7
3380,LUM,1
3381,LY6G6F,7
3382,LY86,1
3383,LY9,1
3384,LY96,5
3385,LYL1,2
3386,LYN,113
3387,LYPD3,1
3388,LYPD6,1
3389,LYPLA2,1
3390,LYST,3
3391,LYVE1,1
3392,LYZ,3
3393,LZTR1,2
3394,LZTS2,1
3395,M6PR,3
3396,MAB21L1,2
3397,MACF1,2
3398,MACROD1,2
3399,MAD1L1,10
3400,MAD2L1,7
3401,MAD2L1BP,2
3402,MAD2L2,5
3403,MADCAM1,4
3404,MADD,2
3405,MAEA,1
3406,MAF,11
3407,MAF1,2
3408,MAFA,5
3409,MAFB,5
3410,MAFF,5
3411,MAFG,7
3412,MAFK,5
3413,MAG,18
3414,MAGEA11,1
3415,MAGEA3,1
3416,MAGEC2,1
3417,MAGED1,2
3418,MAGED2,2
3419,MAGEL2,2
3420,MAGI1,2
3421,MAGI2,7
3422,MAGI3,1
3423,MALT1,5
3424,MAML1,14
3425,MAML2,5
3426,MAML3,5
3427,MANF,1
3428,MANSC1,1
3429,MAOA,1
3430,MAP1A,7
3431,MAP1B,15
3432,MAP1LC3A,11
3433,MAP1LC3B,16
3434,MAP1LC3C,6
3435,MAP1S,7
3436,MAP2,17
3437,MAP2K1,42
3438,MAP2K2,23
3439,MAP2K3,16
3440,MAP2K4,32
3441,MAP2K5,7
3442,MAP2K6,21
3443,MAP2K7,23
3444,MAP3K1,42
3445,MAP3K10,11
3446,MAP3K11,18
3447,MAP3K12,6
3448,MAP3K13,2
3449,MAP3K14,24
3450,MAP3K2,10
3451,MAP3K3,20
3452,MAP3K4,15
3453,MAP3K5,39
3454,MAP3K6,2
3455,MAP3K7,49
3456,MAP3K8,21
3457,MAP4,11
3458,MAP4K1,23
3459,MAP4K2,6
3460,MAP4K3,6
3461,MAP4K4,11
3462,MAP4K5,4
3463,MAP7,1
3464,MAP9,2
3465,MAPK1,400
3466,MAPK10,123
3467,MAPK11,33
3468,MAPK12,36
3469,MAPK13,22
3470,MAPK14,455
3471,MAPK15,4
3472,MAPK3,278
3473,MAPK4,7
3474,MAPK6,16
3475,MAPK7,20
3476,MAPK8,289
3477,MAPK8IP1,23
3478,MAPK8IP2,8
3479,MAPK8IP3,10
3480,MAPK9,154
3481,MAPKAPK2,72
3482,MAPKAPK3,6
3483,MAPKAPK5,19
3484,MAPRE1,6
3485,MAPRE2,1
3486,MAPRE3,2
3487,MAPT,67
3488,MARCKS,16
3489,MARCKSL1,1
3490,MARCO,3
3491,MARK1,13
3492,MARK2,31
3493,MARK3,10
3494,MARK4,1
3495,MAS1,3
3496,MASP1,7
3497,MASP2,6
3498,MAST1,1
3499,MAST2,2
3500,MAST3,2
3501,MASTL,4
3502,MAT1A,2
3503,MAT2B,1
3504,MATK,8
3505,MATN1,5
3506,MATR3,7
3507,MAVS,18
3508,MAX,16
3509,MAZ,6
3510,MBD1,2
3511,MBD3,2
3512,MBD4,1
3513,MBIP,1
3514,MBL2,7
3515,MBP,23
3516,MBTPS1,5
3517,MBTPS2,3
3518,MC1R,11
3519,MC2R,6
3520,MC3R,14
3521,MC4R,16
3522,MC5R,13
3523,MCAM,7
3524,MCC,1
3525,MCF2,4
3526,MCF2L,2
3527,MCFD2,1
3528,MCHR1,7
3529,MCHR2,9
3530,MCL1,22
3531,MCM10,2
3532,MCM2,11
3533,MCM3,6
3534,MCM3AP,1
3535,MCM4,7
3536,MCM5,2
3537,MCM6,3
3538,MCM7,4
3539,MCM8,1
3540,MCOLN1,4
3541,MCOLN2,2
3542,MCOLN3,3
3543,MCPH1,5
3544,MCRS1,2
3545,MCTS1,4
3546,MDC1,8
3547,MDFI,4
3548,MDGA1,3
3549,MDGA2,1
3550,MDH1,1
3551,MDK,18
3552,MDM2,63
3553,MDM4,14
3554,MDN1,2
3555,ME1,1
3556,MECOM,5
3557,MECP2,14
3558,MED1,6
3559,MED12,1
3560,MED13,1
3561,MED13L,1
3562,MED14,3
3563,MED28,2
3564,MEF2A,24
3565,MEF2B,4
3566,MEF2C,31
3567,MEF2D,17
3568,MEFV,1
3569,MEGF10,2
3570,MEIS1,6
3571,MEIS2,2
3572,MELK,11
3573,MEN1,10
3574,MEOX1,2
3575,MEOX2,3
3576,MEP1B,3
3577,MEPCE,1
3578,MEPE,1
3579,MERTK,8
3580,MET,67
3581,METTL1,3
3582,METTL3,3
3583,MEX3A,1
3584,MEX3B,2
3585,MEX3C,1
3586,MEX3D,1
3587,MFAP1,2
3588,MFAP2,1
3589,MFAP3L,4
3590,MFAP5,1
3591,MFF,2
3592,MFGE8,4
3593,MFN1,1
3594,MFN2,1
3595,MFNG,5
3596,MFRP,1
3597,MGA,1
3598,MGLL,2
3599,MGMT,2
3600,MGP,1
3601,MGRN1,5
3602,MGST1,1
3603,MIA,4
3604,MIB1,7
3605,MIB2,2
3606,MICA,8
3607,MICB,2
3608,MID1,3
3609,MID1IP1,3
3610,MID2,1
3611,MIF,7
3612,MIIP,1
3613,MINK1,5
3614,MIP,4
3615,MIPOL1,1
3616,MITF,13
3617,MKI67,4
3618,MKKS,1
3619,MKNK1,14
3620,MKNK2,10
3621,MKRN1,5
3622,MKRN2,1
3623,MKRN3,1
3624,MKS1,1
3625,MLF1,1
3626,MLF2,1
3627,MLH1,4
3628,MLKL,2
3629,MLLT1,1
3630,MLLT11,1
3631,MLLT3,1
3632,MLN,1
3633,MLNR,7
3634,MLST8,3
3635,MLXIPL,2
3636,MME,4
3637,MMP1,8
3638,MMP10,1
3639,MMP11,1
3640,MMP12,3
3641,MMP13,8
3642,MMP14,19
3643,MMP15,2
3644,MMP16,2
3645,MMP19,1
3646,MMP2,24
3647,MMP20,1
3648,MMP24,1
3649,MMP25,1
3650,MMP26,2
3651,MMP3,7
3652,MMP7,7
3653,MMP8,2
3654,MMP9,18
3655,MMRN2,3
3656,MN1,5
3657,MNAT1,2
3658,MNT,1
3659,MNX1,1
3660,MOBP,3
3661,MOCOS,1
3662,MOG,22
3663,MOGS,2
3664,MORC2,2
3665,MOS,3
3666,MOV10,2
3667,MPDZ,5
3668,MPG,7
3669,MPHOSPH10,4
3670,MPHOSPH6,1
3671,MPL,8
3672,MPO,5
3673,MPP1,1
3674,MPRIP,1
3675,MPZ,11
3676,MPZL1,4
3677,MPZL2,2
3678,MPZL3,2
3679,MRAP,6
3680,MRAP2,5
3681,MRAS,3
3682,MRC1,1
3683,MRC2,2
3684,MRGPRX1,9
3685,MRGPRX2,12
3686,MRGPRX4,1
3687,MRTO4,1
3688,MS4A1,6
3689,MS4A4A,1
3690,MSC,1
3691,MSH2,3
3692,MSH5,1
3693,MSH6,6
3694,MSI1,1
3695,MSL2,1
3696,MSL3,1
3697,MSMB,1
3698,MSMP,1
3699,MSN,15
3700,MSR1,2
3701,MST1,7
3702,MST1R,10
3703,MSTN,3
3704,MSX1,4
3705,MSX2,4
3706,MT2A,1
3707,MT3,2
3708,MTA1,8
3709,MTA2,1
3710,MTA3,1
3711,MTCH2,1
3712,MTCP1,3
3713,MTHFR,2
3714,MTMR2,2
3715,MTMR3,1
3716,MTMR4,2
3717,MTNR1A,58
3718,MTNR1B,8
3719,MTOR,54
3720,MTSS1,5
3721,MTTP,3
3722,MUC1,18
3723,MUC15,4
3724,MUC2,1
3725,MUC20,1
3726,MUC6,1
3727,MUC7,1
3728,MUL1,2
3729,MUS81,3
3730,MUSK,11
3731,MUTYH,2
3732,MVD,3
3733,MX1,1
3734,MXD1,5
3735,MXD3,2
3736,MXD4,2
3737,MXI1,2
3738,MXRA5,13
3739,MXRA8,1
3740,MYB,22
3741,MYBBP1A,5
3742,MYBL1,2
3743,MYBL2,9
3744,MYBPC3,8
3745,MYC,85
3746,MYCBP,1
3747,MYCBP2,5
3748,MYCN,15
3749,MYD88,15
3750,MYF5,4
3751,MYF6,2
3752,MYH10,4
3753,MYH2,1
3754,MYH9,6
3755,MYL1,2
3756,MYL12A,6
3757,MYL12B,9
3758,MYL2,3
3759,MYL3,1
3760,MYL4,1
3761,MYL5,1
3762,MYL6B,1
3763,MYL9,17
3764,MYLIP,4
3765,MYLK,28
3766,MYLK2,5
3767,MYLK3,4
3768,MYO10,1
3769,MYO15A,1
3770,MYO18A,2
3771,MYO1C,1
3772,MYO1D,1
3773,MYO1E,4
3774,MYO3A,1
3775,MYO5A,3
3776,MYO6,1
3777,MYO7A,1
3778,MYO9A,1
3779,MYO9B,4
3780,MYOC,8
3781,MYOCD,3
3782,MYOD1,37
3783,MYOG,7
3784,MYOM1,2
3785,MYOM2,1
3786,MYRIP,1
3787,MYT1,3
3788,MYT1L,2
3789,MZF1,4
3790,N4BP1,1
3791,NAA10,1
3792,NAALAD2,1
3793,NAALADL1,1
3794,NAB1,1
3795,NAB2,1
3796,NACA,4
3797,NACC1,2
3798,NAE1,2
3799,NAIP,4
3800,NALCN,1
3801,NAMPT,2
3802,NANOG,16
3803,NANOS1,1
3804,NANOS2,1
3805,NAP1L1,1
3806,NAPG,2
3807,NASP,5
3808,NBEA,2
3809,NBEAL2,1
3810,NBN,11
3811,NBR1,9
3812,NCAM1,22
3813,NCAM2,2
3814,NCAN,2
3815,NCAPD3,1
3816,NCAPG,2
3817,NCAPH,1
3818,NCAPH2,3
3819,NCBP1,2
3820,NCF1,19
3821,NCF2,1
3822,NCF4,4
3823,NCK1,12
3824,NCK2,8
3825,NCKAP1,1
3826,NCKAP5L,1
3827,NCKIPSD,2
3828,NCL,15
3829,NCOA1,14
3830,NCOA2,11
3831,NCOA3,21
3832,NCOA4,2
3833,NCOA6,2
3834,NCOR1,15
3835,NCOR2,22
3836,NCR1,5
3837,NCR2,2
3838,NCR3,3
3839,NCS1,4
3840,NCSTN,8
3841,NDC80,5
3842,NDE1,5
3843,NDEL1,15
3844,NDFIP1,1
3845,NDFIP2,2
3846,NDN,4
3847,NDP,3
3848,NDRG1,7
3849,NDRG2,4
3850,NDUFB6,1
3851,NDUFS4,2
3852,NDUFV2,1
3853,NEB,2
3854,NEDD1,6
3855,NEDD4,16
3856,NEDD4L,23
3857,NEDD8,3
3858,NEDD9,9
3859,NEFH,12
3860,NEFL,11
3861,NEFM,6
3862,NEGR1,9
3863,NEIL1,4
3864,NEIL2,2
3865,NEK1,6
3866,NEK11,4
3867,NEK2,14
3868,NEK3,1
3869,NEK6,17
3870,NEK7,6
3871,NEK9,3
3872,NELL2,2
3873,NEO1,8
3874,NES,6
3875,NET1,3
3876,NETO2,5
3877,NEU1,2
3878,NEUROD1,13
3879,NEUROG1,1
3880,NF1,7
3881,NF2,10
3882,NFASC,8
3883,NFAT5,12
3884,NFATC1,17
3885,NFATC2,18
3886,NFATC3,16
3887,NFATC4,14
3888,NFE2,1
3889,NFE2L1,1
3890,NFE2L2,85
3891,NFIA,16
3892,NFIB,5
3893,NFIC,12
3894,NFIL3,1
3895,NFIX,2
3896,NFKB1,25
3897,NFKB2,15
3898,NFKBIA,55
3899,NFKBIB,9
3900,NFKBIE,5
3901,NFKBIZ,1
3902,NFRKB,3
3903,NFU1,1
3904,NFX1,4
3905,NFXL1,1
3906,NFYA,8
3907,NFYB,2
3908,NFYC,2
3909,NGEF,2
3910,NGF,10
3911,NGFR,14
3912,NGLY1,3
3913,NHEJ1,2
3914,NHLH2,2
3915,NHLRC1,6
3916,NHP2,1
3917,NHS,4
3918,NID1,7
3919,NID2,1
3920,NIN,2
3921,NINL,3
3922,NIPBL,1
3923,NIPSNAP1,1
3924,NKD1,2
3925,NKD2,3
3926,NKIRAS1,1
3927,NKIRAS2,1
3928,NKRF,4
3929,NKX2-1,4
3930,NKX2-2,1
3931,NKX2-5,3
3932,NKX3-1,7
3933,NKX3-2,1
3934,NKX6-1,1
3935,NLGN1,4
3936,NLGN2,7
3937,NLGN3,6
3938,NLGN4X,6
3939,NLGN4Y,4
3940,NLK,16
3941,NLRC4,7
3942,NLRP1,4
3943,NLRP2,2
3944,NLRP3,2
3945,NLRP5,1
3946,NLRX1,3
3947,NMB,3
3948,NMBR,12
3949,NME1,7
3950,NME2,3
3951,NMI,3
3952,NMNAT1,1
3953,NMS,5
3954,NMT1,6
3955,NMU,5
3956,NMUR1,4
3957,NMUR2,10
3958,NNMT,1
3959,NOD1,10
3960,NOD2,18
3961,NODAL,7
3962,NOG,7
3963,NOL3,7
3964,NOLC1,8
3965,NONO,2
3966,NOP10,1
3967,NOP56,1
3968,NOS1,16
3969,NOS2,6
3970,NOS3,39
3971,NOSIP,2
3972,NOTCH1,86
3973,NOTCH2,27
3974,NOTCH3,17
3975,NOTCH4,17
3976,NOVA2,1
3977,NOX1,5
3978,NOX3,1
3979,NOX4,1
3980,NOX5,5
3981,NOXA1,13
3982,NOXO1,2
3983,NPAS2,2
3984,NPAT,2
3985,NPB,5
3986,NPBWR1,4
3987,NPBWR2,2
3988,NPFF,2
3989,NPFFR1,6
3990,NPFFR2,8
3991,NPHP1,4
3992,NPHS1,3
3993,NPLOC4,1
3994,NPM1,21
3995,NPNT,2
3996,NPPA,3
3997,NPPB,5
3998,NPPC,3
3999,NPR1,6
4000,NPR2,6
4001,NPR3,5
4002,NPS,11
4003,NPSR1,1
4004,NPTN,4
4005,NPTX1,4
4006,NPTX2,1
4007,NPTXR,2
4008,NPVF,2
4009,NPW,5
4010,NPY,14
4011,NPY1R,3
4012,NPY2R,3
4013,NPY5R,3
4014,NQO1,4
4015,NQO2,1
4016,NR0B1,11
4017,NR0B2,24
4018,NR1D1,7
4019,NR1H2,7
4020,NR1H3,7
4021,NR1H4,5
4022,NR1I2,7
4023,NR1I3,4
4024,NR2C1,1
4025,NR2C2,10
4026,NR2E3,1
4027,NR2F1,4
4028,NR2F2,11
4029,NR2F6,5
4030,NR3C1,42
4031,NR3C2,3
4032,NR4A1,21
4033,NR4A2,11
4034,NR4A3,7
4035,NR5A1,10
4036,NR5A2,5
4037,NRAS,29
4038,NRBF2,3
4039,NRCAM,11
4040,NRF1,8
4041,NRG1,10
4042,NRG2,6
4043,NRG3,4
4044,NRG4,3
4045,NRGN,3
4046,NRIP1,8
4047,NRK,1
4048,NRL,1
4049,NRP1,27
4050,NRP2,17
4051,NRSN1,1
4052,NRTN,4
4053,NRXN1,16
4054,NRXN2,13
4055,NRXN3,11
4056,NSD1,1
4057,NSF,8
4058,NSFL1C,2
4059,NSMCE1,1
4060,NSMCE2,7
4061,NSUN2,1
4062,NSUN5,3
4063,NT5E,3
4064,NTF3,5
4065,NTF4,3
4066,NTM,11
4067,NTN1,10
4068,NTN3,2
4069,NTN4,3
4070,NTNG1,3
4071,NTNG2,2
4072,NTRK1,30
4073,NTRK2,20
4074,NTRK3,12
4075,NTS,4
4076,NTSR1,1
4077,NTSR2,1
4078,NUAK1,8
4079,NUAK2,3
4080,NUCB2,1
4081,NUCKS1,1
4082,NUDC,2
4083,NUDCD2,1
4084,NUDT11,2
4085,NUDT3,1
4086,NUMA1,20
4087,NUMB,15
4088,NUMBL,1
4089,NUP133,1
4090,NUP153,7
4091,NUP210,1
4092,NUP214,7
4093,NUP50,3
4094,NUP62,3
4095,NUP98,5
4096,NUSAP1,4
4097,NUTF2,1
4098,NXF1,1
4099,NXPH1,3
4100,NXPH2,1
4101,NXPH3,3
4102,NYX,1
4103,OBP2A,1
4104,OBSCN,3
4105,OCLN,16
4106,ODC1,3
4107,ODF2,2
4108,OFD1,2
4109,OGDH,1
4110,OGFR,1
4111,OGG1,3
4112,OGT,11
4113,OLFM2,1
4114,OLR1,2
4115,OMG,5
4116,ONECUT1,3
4117,ONECUT2,1
4118,OPCML,3
4119,OPHN1,4
4120,OPRD1,16
4121,OPRK1,11
4122,OPRL1,8
4123,OPRM1,23
4124,OPTN,2
4125,OR1G1,1
4126,ORAI1,3
4127,ORAI2,1
4128,ORM1,2
4129,OS9,3
4130,OSBP,3
4131,OSBP2,6
4132,OSBPL11,1
4133,OSCAR,1
4134,OSGIN1,1
4135,OSM,3
4136,OSMR,6
4137,OSR1,5
4138,OSTF1,2
4139,OSTN,1
4140,OTUB1,5
4141,OTUB2,2
4142,OTUD5,2
4143,OTUD7A,1
4144,OTUD7B,4
4145,OTX1,1
4146,OTX2,4
4147,OXGR1,8
4148,OXSR1,5
4149,OXT,9
4150,OXTR,10
4151,P2RX6,1
4152,P2RX7,1
4153,P2RY1,9
4154,P2RY10,7
4155,P2RY11,8
4156,P2RY12,5
4157,P2RY13,6
4158,P2RY14,6
4159,P2RY2,5
4160,P2RY4,7
4161,P2RY6,7
4162,P4HA2,1
4163,P4HB,1
4164,PA2G4,9
4165,PABPC1,6
4166,PABPC4,1
4167,PACS1,4
4168,PACSIN1,2
4169,PACSIN2,1
4170,PACSIN3,1
4171,PADI3,2
4172,PADI4,2
4173,PAF1,1
4174,PAFAH1B1,6
4175,PAG1,9
4176,PAGE4,2
4177,PAH,2
4178,PAIP2,2
4179,PAK1,99
4180,PAK1IP1,5
4181,PAK2,38
4182,PAK3,10
4183,PAK4,16
4184,PAK6,11
4185,PALB2,4
4186,PALLD,3
4187,PALM,6
4188,PAM,6
4189,PANX1,1
4190,PANX2,1
4191,PAPLN,1
4192,PAPOLA,4
4193,PAPOLB,5
4194,PAPOLG,2
4195,PAQR3,1
4196,PARD3,13
4197,PARD6A,7
4198,PARG,1
4199,PARK7,4
4200,PARL,1
4201,PARN,3
4202,PARP1,28
4203,PARP2,1
4204,PARVA,3
4205,PASK,7
4206,PATZ1,1
4207,PAWR,1
4208,PAX1,2
4209,PAX2,6
4210,PAX3,8
4211,PAX5,9
4212,PAX6,14
4213,PAX7,2
4214,PAX8,13
4215,PAX9,1
4216,PAXIP1,3
4217,PBK,15
4218,PBRM1,3
4219,PBX1,12
4220,PBX3,1
4221,PBXIP1,1
4222,PCBD1,1
4223,PCBP1,5
4224,PCBP2,6
4225,PCBP4,1
4226,PCDH1,3
4227,PCDH10,1
4228,PCDH15,3
4229,PCDH19,6
4230,PCDH7,3
4231,PCDH9,1
4232,PCDHA1,1
4233,PCDHA10,23
4234,PCDHA11,1
4235,PCDHA12,1
4236,PCDHA13,1
4237,PCDHA2,23
4238,PCDHA3,1
4239,PCDHA4,1
4240,PCDHA5,1
4241,PCDHA6,1
4242,PCDHA7,1
4243,PCDHA8,1
4244,PCDHA9,1
4245,PCDHAC1,5
4246,PCDHAC2,1
4247,PCDHB3,1
4248,PCDHB7,1
4249,PCDHGA1,2
4250,PCDHGA10,2
4251,PCDHGA11,2
4252,PCDHGA12,2
4253,PCDHGA2,2
4254,PCDHGA3,2
4255,PCDHGA4,2
4256,PCDHGA5,2
4257,PCDHGA6,2
4258,PCDHGA7,3
4259,PCDHGA8,2
4260,PCDHGA9,2
4261,PCDHGB1,2
4262,PCDHGB2,2
4263,PCDHGB3,2
4264,PCDHGB4,3
4265,PCDHGB5,2
4266,PCDHGB6,4
4267,PCDHGB7,2
4268,PCDHGC3,2
4269,PCDHGC4,2
4270,PCDHGC5,2
4271,PCF11,1
4272,PCGF1,1
4273,PCGF2,2
4274,PCGF3,1
4275,PCGF5,1
4276,PCGF6,2
4277,PCIF1,3
4278,PCK1,6
4279,PCK2,1
4280,PCLO,10
4281,PCM1,8
4282,PCNA,28
4283,PCNP,1
4284,PCNT,3
4285,PCSK1,3
4286,PCSK2,3
4287,PCSK4,1
4288,PCSK5,2
4289,PCSK6,2
4290,PCSK7,9
4291,PCSK9,9
4292,PCYT1A,9
4293,PCYT1B,5
4294,PDAP1,2
4295,PDC,3
4296,PDCD1,8
4297,PDCD10,2
4298,PDCD1LG2,8
4299,PDCD2,1
4300,PDCD4,5
4301,PDCD5,2
4302,PDCD6IP,1
4303,PDCL,1
4304,PDCL3,1
4305,PDE10A,1
4306,PDE11A,1
4307,PDE1A,3
4308,PDE1B,4
4309,PDE1C,3
4310,PDE3A,3
4311,PDE3B,4
4312,PDE4A,1
4313,PDE4B,4
4314,PDE4C,1
4315,PDE4D,5
4316,PDE4DIP,3
4317,PDE5A,3
4318,PDE6A,1
4319,PDE6G,3
4320,PDE8A,1
4321,PDGFA,4
4322,PDGFB,7
4323,PDGFC,3
4324,PDGFD,2
4325,PDGFRA,22
4326,PDGFRB,54
4327,PDHA1,12
4328,PDHA2,7
4329,PDHX,2
4330,PDIA3,7
4331,PDIA4,1
4332,PDIA5,2
4333,PDIA6,4
4334,PDIK1L,1
4335,PDK1,37
4336,PDK2,5
4337,PDK3,2
4338,PDK4,2
4339,PDLIM1,2
4340,PDLIM2,1
4341,PDLIM4,3
4342,PDP1,5
4343,PDP2,3
4344,PDPK1,53
4345,PDPN,1
4346,PDS5B,4
4347,PDX1,10
4348,PDXDC1,1
4349,PDXP,1
4350,PDYN,6
4351,PDZD11,2
4352,PDZD3,2
4353,PDZK1,2
4354,PDZRN3,3
4355,PDZRN4,1
4356,PEA15,12
4357,PEAR1,2
4358,PEBP1,11
4359,PECAM1,13
4360,PEG3,1
4361,PELI1,5
4362,PELI2,2
4363,PELI3,1
4364,PELP1,5
4365,PENK,10
4366,PEPD,4
4367,PER1,12
4368,PER2,10
4369,PER3,2
4370,PERP,2
4371,PEX1,2
4372,PEX10,1
4373,PEX12,3
4374,PEX13,1
4375,PEX14,3
4376,PEX19,1
4377,PEX2,3
4378,PEX26,1
4379,PEX3,1
4380,PEX5,9
4381,PEX6,3
4382,PEX7,1
4383,PF4,10
4384,PF4V1,1
4385,PFAS,1
4386,PFKFB1,2
4387,PFKFB2,9
4388,PFKFB3,9
4389,PFKFB4,1
4390,PFKL,2
4391,PFKM,2
4392,PFKP,2
4393,PFN1,6
4394,PFN2,1
4395,PGAM1,3
4396,PGAM2,1
4397,PGAM5,3
4398,PGC,1
4399,PGD,1
4400,PGF,3
4401,PGK1,2
4402,PGLYRP1,1
4403,PGM1,2
4404,PGR,14
4405,PGRMC1,1
4406,PHACTR1,3
4407,PHACTR3,1
4408,PHB2,6
4409,PHC2,1
4410,PHC3,3
4411,PHEX,3
4412,PHF1,1
4413,PHF10,1
4414,PHF12,9
4415,PHF2,2
4416,PHF20,1
4417,PHF21A,1
4418,PHF3,3
4419,PHF6,1
4420,PHF7,1
4421,PHF8,2
4422,PHGDH,1
4423,PHIP,1
4424,PHKA1,11
4425,PHKA2,5
4426,PHKB,1
4427,PHKG1,10
4428,PHKG2,7
4429,PHLDA1,1
4430,PHLDB1,1
4431,PHLDB2,1
4432,PHLPP1,11
4433,PHLPP2,7
4434,PHOX2A,1
4435,PHOX2B,1
4436,PHPT1,3
4437,PHRF1,1
4438,PHYHIP,1
4439,PI16,2
4440,PI3,1
4441,PI4K2A,1
4442,PI4K2B,2
4443,PI4KA,1
4444,PI4KB,6
4445,PIAS1,22
4446,PIAS2,5
4447,PIAS3,4
4448,PIAS4,12
4449,PICALM,2
4450,PICK1,12
4451,PIGA,1
4452,PIGF,2
4453,PIGG,2
4454,PIGK,1
4455,PIGO,1
4456,PIGR,6
4457,PIGS,2
4458,PIK3AP1,7
4459,PIK3C2A,4
4460,PIK3C2B,3
4461,PIK3C2G,1
4462,PIK3C3,11
4463,PIK3CA,47
4464,PIK3CB,11
4465,PIK3CD,6
4466,PIK3CG,26
4467,PIK3R1,56
4468,PIK3R2,22
4469,PIK3R3,5
4470,PIK3R4,5
4471,PIK3R6,1
4472,PIKFYVE,4
4473,PILRA,12
4474,PILRB,8
4475,PIM1,36
4476,PIM2,12
4477,PIM3,3
4478,PIN1,21
4479,PIN4,3
4480,PINK1,22
4481,PINX1,1
4482,PIP,3
4483,PIP4K2A,5
4484,PIP4K2B,1
4485,PIP4K2C,1
4486,PIP5K1A,2
4487,PIP5K1B,4
4488,PIP5K1C,9
4489,PIRT,1
4490,PITPNA,1
4491,PITPNB,1
4492,PITPNC1,1
4493,PITPNM1,4
4494,PITPNM3,1
4495,PITRM1,1
4496,PITX1,2
4497,PITX2,3
4498,PITX3,1
4499,PJA1,3
4500,PJA2,6
4501,PKD1,14
4502,PKD2,16
4503,PKD2L1,1
4504,PKIA,5
4505,PKIB,1
4506,PKLR,1
4507,PKMYT1,4
4508,PKN1,21
4509,PKN2,12
4510,PKN3,3
4511,PKNOX1,4
4512,PKP1,1
4513,PKP2,1
4514,PKP3,2
4515,PKP4,6
4516,PLA2G10,1
4517,PLA2G1B,1
4518,PLA2G2A,7
4519,PLA2G4A,13
4520,PLA2G6,2
4521,PLA2R1,1
4522,PLAA,3
4523,PLAC8,2
4524,PLAG1,3
4525,PLAGL1,2
4526,PLAGL2,2
4527,PLAT,5
4528,PLAU,14
4529,PLAUR,12
4530,PLB1,1
4531,PLCB1,20
4532,PLCB2,2
4533,PLCB3,13
4534,PLCE1,4
4535,PLCG1,55
4536,PLCG2,14
4537,PLCL1,1
4538,PLD1,13
4539,PLD2,12
4540,PLD3,1
4541,PLEC,15
4542,PLEK,1
4543,PLEKHA7,2
4544,PLEKHF2,1
4545,PLEKHG1,1
4546,PLEKHG2,1
4547,PLEKHG3,1
4548,PLEKHG4,1
4549,PLEKHG4B,1
4550,PLEKHG5,1
4551,PLEKHG6,4
4552,PLG,15
4553,PLIN1,2
4554,PLIN2,1
4555,PLIN3,4
4556,PLK1,130
4557,PLK2,12
4558,PLK3,14
4559,PLK4,7
4560,PLN,9
4561,PLP1,1
4562,PLRG1,1
4563,PLSCR1,4
4564,PLSCR3,1
4565,PLSCR4,4
4566,PLTP,1
4567,PLVAP,1
4568,PLXDC1,2
4569,PLXDC2,1
4570,PLXNA1,12
4571,PLXNA2,11
4572,PLXNA3,5
4573,PLXNA4,6
4574,PLXNB1,8
4575,PLXNB2,9
4576,PLXNB3,6
4577,PLXNC1,2
4578,PLXND1,5
4579,PMAIP1,12
4580,PMCH,11
4581,PML,19
4582,PMP22,3
4583,PMPCB,1
4584,PMS2,3
4585,PNCK,5
4586,PNKP,4
4587,PNN,1
4588,PNOC,4
4589,PNP,1
4590,PNPLA8,2
4591,PNPT1,1
4592,PODXL,1
4593,PODXL2,1
4594,POFUT1,4
4595,POGZ,5
4596,POLA1,7
4597,POLB,7
4598,POLD1,1
4599,POLD3,4
4600,POLD4,2
4601,POLDIP3,1
4602,POLH,6
4603,POLI,1
4604,POLK,4
4605,POLL,2
4606,POLM,1
4607,POLN,1
4608,POLR1B,1
4609,POLR2A,25
4610,POLR2B,2
4611,POLR2E,1
4612,POLR2F,2
4613,POLR2L,1
4614,POM121,1
4615,POMC,23
4616,PON2,1
4617,POP1,4
4618,PORCN,1
4619,POSTN,1
4620,POT1,4
4621,POU1F1,3
4622,POU2AF1,3
4623,POU2F1,11
4624,POU2F2,2
4625,POU3F1,2
4626,POU3F2,4
4627,POU3F3,1
4628,POU3F4,2
4629,POU4F1,2
4630,POU4F2,1
4631,POU4F3,5
4632,POU5F1,11
4633,POU6F1,1
4634,PPA1,1
4635,PPARA,23
4636,PPARD,5
4637,PPARG,49
4638,PPARGC1A,15
4639,PPARGC1B,1
4640,PPAT,1
4641,PPBP,8
4642,PPCDC,1
4643,PPFIA1,6
4644,PPFIA3,2
4645,PPIF,1
4646,PPIG,6
4647,PPL,2
4648,PPM1A,27
4649,PPM1B,12
4650,PPM1D,14
4651,PPM1E,2
4652,PPM1F,5
4653,PPM1G,3
4654,PPM1H,1
4655,PPM1J,4
4656,PPM1K,1
4657,PPM1L,2
4658,PPM1M,2
4659,PPME1,3
4660,PPP1CA,73
4661,PPP1CB,45
4662,PPP1CC,51
4663,PPP1R11,1
4664,PPP1R12A,17
4665,PPP1R12B,3
4666,PPP1R12C,3
4667,PPP1R13B,1
4668,PPP1R13L,2
4669,PPP1R14A,23
4670,PPP1R14B,4
4671,PPP1R14C,2
4672,PPP1R14D,1
4673,PPP1R15A,5
4674,PPP1R16B,3
4675,PPP1R1A,17
4676,PPP1R1B,23
4677,PPP1R2,8
4678,PPP1R3A,4
4679,PPP1R3B,3
4680,PPP1R3C,4
4681,PPP1R8,10
4682,PPP1R9A,4
4683,PPP1R9B,8
4684,PPP2CA,134
4685,PPP2CB,97
4686,PPP2R1A,3
4687,PPP2R1B,2
4688,PPP2R2A,9
4689,PPP2R2B,3
4690,PPP2R2C,2
4691,PPP2R2D,3
4692,PPP2R3A,1
4693,PPP2R3B,1
4694,PPP2R5A,8
4695,PPP2R5B,5
4696,PPP2R5C,23
4697,PPP2R5D,4
4698,PPP3CA,34
4699,PPP3CB,31
4700,PPP3CC,30
4701,PPP3R1,24
4702,PPP4C,10
4703,PPP4R2,3
4704,PPP5C,13
4705,PPP6C,4
4706,PPY,6
4707,PRC1,9
4708,PRCC,1
4709,PRDM1,5
4710,PRDM16,2
4711,PRDM2,3
4712,PRDX1,8
4713,PRDX2,1
4714,PRDX3,2
4715,PRDX4,1
4716,PRDX6,2
4717,PREB,2
4718,PREX1,7
4719,PREX2,5
4720,PRG2,1
4721,PRG4,4
4722,PRH2,2
4723,PRICKLE1,4
4724,PRICKLE2,1
4725,PRICKLE3,4
4726,PRKAA1,114
4727,PRKAA2,57
4728,PRKAB1,23
4729,PRKACA,435
4730,PRKACB,119
4731,PRKACG,10
4732,PRKAG1,6
4733,PRKAG3,2
4734,PRKAR1A,7
4735,PRKAR1B,5
4736,PRKAR2A,14
4737,PRKAR2B,6
4738,PRKCA,482
4739,PRKCB,270
4740,PRKCD,137
4741,PRKCE,60
4742,PRKCG,45
4743,PRKCH,18
4744,PRKCI,25
4745,PRKCQ,39
4746,PRKCSH,1
4747,PRKCZ,71
4748,PRKD1,70
4749,PRKD2,17
4750,PRKD3,9
4751,PRKDC,201
4752,PRKG1,99
4753,PRKG2,27
4754,PRKRA,1
4755,PRKX,4
4756,PRL,6
4757,PRLH,1
4758,PRLHR,8
4759,PRLR,13
4760,PRMT1,15
4761,PRMT5,11
4762,PRMT6,5
4763,PRMT8,1
4764,PRND,1
4765,PRNP,8
4766,PROC,10
4767,PROCR,5
4768,PROK1,2
4769,PROK2,3
4770,PROKR1,6
4771,PROKR2,2
4772,PROM1,2
4773,PROS1,6
4774,PROX1,3
4775,PROZ,2
4776,PRPF19,4
4777,PRPF3,4
4778,PRPF4B,13
4779,PRPH,1
4780,PRPS1,3
4781,PRPS2,1
4782,PRR5L,1
4783,PRRG4,1
4784,PRRX1,7
4785,PRSS1,1
4786,PRSS2,1
4787,PRSS21,1
4788,PRSS23,1
4789,PRSS3,1
4790,PRSS55,1
4791,PRTG,8
4792,PRTN3,4
4793,PSAP,7
4794,PSD3,1
4795,PSEN1,29
4796,PSEN2,19
4797,PSENEN,4
4798,PSG4,2
4799,PSG5,2
4800,PSG6,1
4801,PSG7,4
4802,PSG9,4
4803,PSIP1,10
4804,PSMA3,3
4805,PSMA5,5
4806,PSMA6,2
4807,PSMA7,4
4808,PSMB1,1
4809,PSMB10,1
4810,PSMB4,2
4811,PSMB8,2
4812,PSMB9,1
4813,PSMC2,1
4814,PSMC3,1
4815,PSMC4,1
4816,PSMC5,1
4817,PSMD1,3
4818,PSMD11,1
4819,PSMD2,2
4820,PSMD3,1
4821,PSMD4,1
4822,PSMD7,1
4823,PSME1,1
4824,PSME2,1
4825,PSME3,3
4826,PSMF1,2
4827,PSPN,6
4828,PSTPIP1,5
4829,PTAFR,11
4830,PTBP1,2
4831,PTBP2,6
4832,PTCH1,11
4833,PTCH2,4
4834,PTCHD1,2
4835,PTCRA,2
4836,PTDSS1,2
4837,PTEN,46
4838,PTGDR,2
4839,PTGER1,5
4840,PTGER2,3
4841,PTGER3,8
4842,PTGER4,6
4843,PTGES3,2
4844,PTGFR,4
4845,PTGFRN,4
4846,PTGIR,7
4847,PTGS1,1
4848,PTGS2,16
4849,PTH,13
4850,PTH1R,28
4851,PTH2,11
4852,PTH2R,7
4853,PTHLH,15
4854,PTK2,75
4855,PTK2B,36
4856,PTK6,19
4857,PTK7,5
4858,PTMA,6
4859,PTMS,2
4860,PTN,11
4861,PTP4A1,1
4862,PTP4A2,1
4863,PTP4A3,6
4864,PTPN1,58
4865,PTPN11,62
4866,PTPN12,21
4867,PTPN13,14
4868,PTPN14,2
4869,PTPN18,6
4870,PTPN2,24
4871,PTPN21,1
4872,PTPN22,6
4873,PTPN23,4
4874,PTPN3,7
4875,PTPN4,3
4876,PTPN5,8
4877,PTPN6,61
4878,PTPN7,11
4879,PTPN9,5
4880,PTPRA,16
4881,PTPRB,11
4882,PTPRC,22
4883,PTPRCAP,2
4884,PTPRD,22
4885,PTPRE,10
4886,PTPRF,25
4887,PTPRG,36
4888,PTPRH,7
4889,PTPRJ,22
4890,PTPRK,7
4891,PTPRM,5
4892,PTPRO,10
4893,PTPRR,7
4894,PTPRS,22
4895,PTPRT,8
4896,PTPRU,3
4897,PTPRZ1,11
4898,PTRH2,1
4899,PTS,3
4900,PTTG1,15
4901,PTTG1IP,1
4902,PTTG2,1
4903,PTX3,1
4904,PUF60,2
4905,PUM2,2
4906,PURB,2
4907,PURG,1
4908,PVR,8
4909,PVRIG,1
4910,PWP1,1
4911,PXDN,1
4912,PXN,37
4913,PYCARD,7
4914,PYDC1,1
4915,PYGB,4
4916,PYGL,5
4917,PYGM,3
4918,PYGO1,1
4919,PYGO2,1
4920,PYHIN1,1
4921,PYY,8
4922,PZP,2
4923,QDPR,6
4924,QRFP,2
4925,QRFPR,1
4926,RAB10,1
4927,RAB11A,6
4928,RAB11FIP1,1
4929,RAB11FIP2,1
4930,RAB11FIP3,1
4931,RAB11FIP5,2
4932,RAB12,2
4933,RAB14,1
4934,RAB1A,5
4935,RAB23,1
4936,RAB2A,2
4937,RAB33B,1
4938,RAB34,1
4939,RAB37,1
4940,RAB39B,1
4941,RAB3A,14
4942,RAB3C,3
4943,RAB3GAP1,2
4944,RAB3IP,2
4945,RAB4A,5
4946,RAB5A,10
4947,RAB5B,3
4948,RAB5C,2
4949,RAB6A,2
4950,RAB6B,2
4951,RAB6C,2
4952,RAB7A,6
4953,RAB8A,6
4954,RAB9A,3
4955,RABEP1,3
4956,RABEPK,3
4957,RABGEF1,2
4958,RABGGTA,4
4959,RABGGTB,4
4960,RAC1,110
4961,RAC2,4
4962,RAC3,2
4963,RACGAP1,8
4964,RAD1,2
4965,RAD17,6
4966,RAD18,9
4967,RAD21,8
4968,RAD23B,2
4969,RAD50,6
4970,RAD51,15
4971,RAD51AP1,1
4972,RAD51C,1
4973,RAD52,3
4974,RAD54L,3
4975,RAD9A,9
4976,RAE1,1
4977,RAET1E,1
4978,RAET1G,1
4979,RAET1L,1
4980,RAF1,64
4981,RAG1,2
4982,RAG2,2
4983,RAI1,2
4984,RAI14,1
4985,RALA,6
4986,RALB,3
4987,RALBP1,5
4988,RALGAPA2,2
4989,RALGDS,6
4990,RALY,1
4991,RAMP1,8
4992,RAMP2,25
4993,RAMP3,25
4994,RAN,4
4995,RANBP17,1
4996,RANBP2,12
4997,RANBP3,6
4998,RANBP9,3
4999,RANGAP1,8
5000,RAP1A,16
5001,RAP1B,9
5002,RAP1GAP,10
5003,RAP1GAP2,1
5004,RAP1GDS1,9
5005,RAP2A,3
5006,RAPGEF1,7
5007,RAPGEF2,4
5008,RAPGEF3,2
5009,RAPGEF4,3
5010,RAPGEF5,4
5011,RAPGEF6,4
5012,RAPH1,9
5013,RAPSN,2
5014,RARA,63
5015,RARB,7
5016,RARG,8
5017,RARRES1,2
5018,RARRES2,2
5019,RASA1,12
5020,RASAL2,1
5021,RASD2,2
5022,RASGEF1A,3
5023,RASGEF1B,3
5024,RASGEF1C,3
5025,RASGRF1,9
5026,RASGRF2,4
5027,RASGRP1,1
5028,RASGRP2,1
5029,RASGRP3,9
5030,RASSF1,16
5031,RASSF5,2
5032,RASSF6,1
5033,RAVER1,1
5034,RB1,36
5035,RB1CC1,8
5036,RBBP5,1
5037,RBBP6,5
5038,RBBP7,3
5039,RBBP8,10
5040,RBCK1,3
5041,RBL1,10
5042,RBL2,16
5043,RBM10,1
5044,RBM14,3
5045,RBM15,5
5046,RBM17,2
5047,RBM3,1
5048,RBM38,1
5049,RBM39,3
5050,RBM4,2
5051,RBM6,2
5052,RBM7,1
5053,RBM8A,1
5054,RBMX,3
5055,RBP1,4
5056,RBP3,1
5057,RBP4,1
5058,RBPJ,24
5059,RBPMS,1
5060,RBX1,9
5061,RC3H1,1
5062,RC3H2,1
5063,RCAN1,13
5064,RCC1,2
5065,RCHY1,6
5066,RCOR1,3
5067,RCSD1,6
5068,RDX,8
5069,REC8,1
5070,RECK,3
5071,RECQL4,9
5072,RECQL5,2
5073,REEP2,1
5074,REEP5,1
5075,REL,6
5076,RELA,57
5077,RELB,6
5078,RELL1,1
5079,RELN,4
5080,REM1,1
5081,REN,4
5082,REPS2,1
5083,RERE,4
5084,REST,6
5085,RET,46
5086,RETN,3
5087,RETNLB,1
5088,REV1,2
5089,REV3L,5
5090,REXO1,3
5091,RFC1,5
5092,RFFL,3
5093,RFNG,1
5094,RFPL1,1
5095,RFPL2,1
5096,RFPL3,1
5097,RFPL4B,1
5098,RFWD3,6
5099,RFX1,3
5100,RFX3,1
5101,RFX5,1
5102,RGMA,5
5103,RGMB,6
5104,RGS10,2
5105,RGS13,1
5106,RGS14,3
5107,RGS16,6
5108,RGS18,1
5109,RGS19,7
5110,RGS2,6
5111,RGS4,1
5112,RGS6,1
5113,RGS7,1
5114,RHAG,1
5115,RHBDF2,1
5116,RHBDL2,3
5117,RHEB,12
5118,RHEBL1,2
5119,RHO,10
5120,RHOA,95
5121,RHOB,3
5122,RHOC,1
5123,RHOH,2
5124,RHOQ,2
5125,RHOT1,1
5126,RHOU,3
5127,RICTOR,3
5128,RIF1,4
5129,RILPL2,1
5130,RIMBP2,3
5131,RIMBP3,3
5132,RIMBP3B,3
5133,RIMBP3C,3
5134,RIMS1,24
5135,RIMS2,11
5136,RIMS3,8
5137,RIN1,18
5138,RING1,2
5139,RINT1,2
5140,RIOK1,1
5141,RIOK2,1
5142,RIOK3,1
5143,RIPK1,31
5144,RIPK2,15
5145,RIPK3,8
5146,RIPK4,2
5147,RIT1,3
5148,RIT2,4
5149,RLF,4
5150,RLIM,3
5151,RLN1,2
5152,RLN2,13
5153,RLN3,17
5154,RMND5A,1
5155,RMND5B,1
5156,RNASE2,3
5157,RNASE3,1
5158,RND1,2
5159,RND3,2
5160,RNF10,2
5161,RNF103,1
5162,RNF11,3
5163,RNF111,8
5164,RNF112,1
5165,RNF113A,2
5166,RNF113B,1
5167,RNF114,1
5168,RNF115,1
5169,RNF121,1
5170,RNF122,1
5171,RNF123,3
5172,RNF125,3
5173,RNF126,2
5174,RNF128,4
5175,RNF13,1
5176,RNF130,1
5177,RNF133,1
5178,RNF135,1
5179,RNF138,5
5180,RNF139,5
5181,RNF14,1
5182,RNF141,1
5183,RNF144A,1
5184,RNF144B,4
5185,RNF145,1
5186,RNF146,7
5187,RNF148,1
5188,RNF149,2
5189,RNF150,1
5190,RNF151,1
5191,RNF152,1
5192,RNF157,1
5193,RNF165,1
5194,RNF166,1
5195,RNF167,3
5196,RNF168,7
5197,RNF169,1
5198,RNF17,1
5199,RNF170,3
5200,RNF175,1
5201,RNF180,2
5202,RNF181,1
5203,RNF182,2
5204,RNF183,1
5205,RNF185,2
5206,RNF186,1
5207,RNF19A,3
5208,RNF19B,4
5209,RNF2,5
5210,RNF20,3
5211,RNF207,1
5212,RNF208,2
5213,RNF212,1
5214,RNF213,1
5215,RNF214,1
5216,RNF215,1
5217,RNF216,6
5218,RNF217,1
5219,RNF220,2
5220,RNF24,4
5221,RNF25,2
5222,RNF26,2
5223,RNF31,3
5224,RNF32,1
5225,RNF34,2
5226,RNF38,1
5227,RNF39,1
5228,RNF4,8
5229,RNF40,3
5230,RNF41,3
5231,RNF43,6
5232,RNF44,1
5233,RNF5,7
5234,RNF6,2
5235,RNF7,13
5236,RNF8,8
5237,RNFT1,1
5238,RNFT2,1
5239,RNMT,5
5240,RNPS1,2
5241,ROBO1,5
5242,ROBO2,5
5243,ROBO3,8
5244,ROBO4,4
5245,ROCK1,49
5246,ROCK2,31
5247,ROR1,4
5248,ROR2,14
5249,RORA,5
5250,RORC,1
5251,ROS1,3
5252,RP9,1
5253,RPA1,12
5254,RPA2,17
5255,RPA3,2
5256,RPAP1,4
5257,RPAP2,1
5258,RPGR,2
5259,RPGRIP1,1
5260,RPGRIP1L,1
5261,RPH3A,5
5262,RPL10,4
5263,RPL11,4
5264,RPL12,1
5265,RPL13A,2
5266,RPL5,1
5267,RPLP0,1
5268,RPLP1,1
5269,RPLP2,1
5270,RPN1,2
5271,RPRD1B,2
5272,RPS10,1
5273,RPS11,1
5274,RPS19,3
5275,RPS19BP1,1
5276,RPS27A,3
5277,RPS27L,1
5278,RPS3,10
5279,RPS5,1
5280,RPS6,12
5281,RPS6KA1,82
5282,RPS6KA2,29
5283,RPS6KA3,330
5284,RPS6KA4,13
5285,RPS6KA5,25
5286,RPS6KA6,2
5287,RPS6KB1,63
5288,RPS6KB2,20
5289,RPS6KC1,1
5290,RPSA,6
5291,RPTOR,22
5292,RRAD,8
5293,RRAGC,3
5294,RRAGD,2
5295,RRAS,6
5296,RRBP1,3
5297,RREB1,4
5298,RRM1,3
5299,RRM2,2
5300,RRM2B,4
5301,RRN3,7
5302,RRP12,2
5303,RSF1,3
5304,RSPH3,2
5305,RSPO1,7
5306,RSPO2,7
5307,RSPO3,8
5308,RSPO4,5
5309,RSPRY1,1
5310,RTF1,2
5311,RTKN,4
5312,RTN2,1
5313,RTN4,18
5314,RTN4R,4
5315,RTN4RL1,2
5316,RUFY1,4
5317,RUNX1,23
5318,RUNX2,18
5319,RUNX3,7
5320,RUVBL1,1
5321,RWDD3,1
5322,RXFP1,4
5323,RXFP2,5
5324,RXFP3,3
5325,RXFP4,3
5326,RXRA,42
5327,RXRB,15
5328,RXRG,8
5329,RYBP,1
5330,RYK,11
5331,RYR1,15
5332,RYR2,11
5333,S100A1,5
5334,S100A10,4
5335,S100A11,1
5336,S100A12,2
5337,S100A2,1
5338,S100A4,5
5339,S100A8,6
5340,S100A9,7
5341,S100B,3
5342,S1PR1,12
5343,S1PR2,9
5344,S1PR3,11
5345,S1PR4,1
5346,S1PR5,3
5347,SAA1,8
5348,SAFB,2
5349,SAFB2,5
5350,SAMHD1,2
5351,SAP18,1
5352,SAP30,4
5353,SAR1A,8
5354,SARM1,2
5355,SART1,3
5356,SASH1,1
5357,SASH3,2
5358,SASS6,2
5359,SAT1,3
5360,SATB1,1
5361,SATB2,2
5362,SAV1,2
5363,SBF1,1
5364,SCAMP1,1
5365,SCAMP3,1
5366,SCAND1,1
5367,SCAP,5
5368,SCARA3,1
5369,SCARA5,1
5370,SCARB1,5
5371,SCARF1,1
5372,SCD,1
5373,SCD5,2
5374,SCEL,1
5375,SCG2,1
5376,SCGB1A1,2
5377,SCGB2A1,1
5378,SCGB3A1,2
5379,SCGB3A2,1
5380,SCML2,4
5381,SCN10A,10
5382,SCN11A,5
5383,SCN1A,6
5384,SCN1B,1
5385,SCN2A,10
5386,SCN2B,3
5387,SCN3A,6
5388,SCN3B,1
5389,SCN4A,13
5390,SCN5A,12
5391,SCN8A,10
5392,SCN9A,6
5393,SCNN1A,3
5394,SCNN1B,3
5395,SCNN1G,4
5396,SCO2,1
5397,SCP2,3
5398,SCRIB,4
5399,SCTR,4
5400,SCUBE2,2
5401,SCYL1,2
5402,SCYL2,1
5403,SDC1,31
5404,SDC2,25
5405,SDC3,14
5406,SDC4,31
5407,SDCBP,4
5408,SDF2L1,1
5409,SDHA,1
5410,SDHAF2,1
5411,SDHB,1
5412,SDK1,3
5413,SDK2,3
5414,SEC14L2,1
5415,SEC16A,3
5416,SEC16B,1
5417,SEC23A,3
5418,SEC23B,4
5419,SEC23IP,2
5420,SEC24A,1
5421,SEC24B,6
5422,SEC24C,1
5423,SEC24D,1
5424,SEC31A,1
5425,SEC31B,1
5426,SEC62,1
5427,SEC63,4
5428,SECISBP2L,1
5429,SECTM1,1
5430,SELE,10
5431,SELL,12
5432,SELP,8
5433,SELPLG,8
5434,SEMA3A,6
5435,SEMA3B,4
5436,SEMA3C,4
5437,SEMA3D,2
5438,SEMA3E,3
5439,SEMA3F,4
5440,SEMA3G,4
5441,SEMA4A,6
5442,SEMA4B,3
5443,SEMA4C,2
5444,SEMA4D,6
5445,SEMA4F,1
5446,SEMA4G,5
5447,SEMA5A,8
5448,SEMA5B,2
5449,SEMA6A,2
5450,SEMA6B,2
5451,SEMA6C,1
5452,SEMA6D,6
5453,SEMA7A,4
5454,SEMG2,1
5455,SENP1,5
5456,SENP2,2
5457,SENP3,3
5458,SENP6,2
5459,SERBP1,2
5460,SERINC3,1
5461,SERPINA1,6
5462,SERPINA3,2
5463,SERPINA5,2
5464,SERPINA7,1
5465,SERPINB1,1
5466,SERPINB2,3
5467,SERPINB5,1
5468,SERPINB9,1
5469,SERPINC1,9
5470,SERPIND1,2
5471,SERPINE1,9
5472,SERPINE2,1
5473,SERPINF1,3
5474,SERPING1,4
5475,SERTAD1,1
5476,SESN1,2
5477,SESTD1,1
5478,SET,13
5479,SETBP1,1
5480,SETD1A,1
5481,SETD2,3
5482,SETD7,4
5483,SETDB1,4
5484,SETMAR,1
5485,SF1,9
5486,SF3B1,6
5487,SF3B2,2
5488,SFN,6
5489,SFPQ,8
5490,SFRP1,6
5491,SFRP2,5
5492,SFRP5,1
5493,SFTPA1,1
5494,SFTPA2,1
5495,SFTPC,1
5496,SFTPD,4
5497,SGCG,2
5498,SGK1,84
5499,SGK2,12
5500,SGK3,16
5501,SGTA,2
5502,SH2B1,10
5503,SH2B2,6
5504,SH2B3,5
5505,SH2D1A,1
5506,SH2D2A,3
5507,SH2D3C,1
5508,SH3BP1,1
5509,SH3BP2,12
5510,SH3BP4,2
5511,SH3BP5,2
5512,SH3GL1,3
5513,SH3GL2,3
5514,SH3GL3,1
5515,SH3GLB1,8
5516,SH3KBP1,8
5517,SH3PXD2A,2
5518,SH3PXD2B,2
5519,SH3RF1,12
5520,SH3RF2,1
5521,SH3RF3,1
5522,SHANK1,12
5523,SHANK2,10
5524,SHANK3,11
5525,SHARPIN,1
5526,SHB,1
5527,SHBG,6
5528,SHC1,60
5529,SHC2,2
5530,SHC3,7
5531,SHC4,1
5532,SHCBP1,1
5533,SHD,1
5534,SHE,1
5535,SHH,20
5536,SHISA4,1
5537,SHMT2,1
5538,SHOC2,5
5539,SHOX,1
5540,SHPRH,3
5541,SHROOM3,1
5542,SI,4
5543,SIAH1,10
5544,SIAH2,7
5545,SIAH3,1
5546,SIGIRR,3
5547,SIGLEC1,8
5548,SIGLEC10,20
5549,SIGLEC12,1
5550,SIGLEC14,8
5551,SIGLEC15,9
5552,SIGLEC5,7
5553,SIGLEC6,14
5554,SIGLEC7,19
5555,SIGLEC8,20
5556,SIGLEC9,13
5557,SIK1,14
5558,SIK2,9
5559,SIK3,2
5560,SIKE1,1
5561,SIL1,1
5562,SIM1,1
5563,SIM2,2
5564,SIN3A,11
5565,SIN3B,3
5566,SIPA1,3
5567,SIPA1L1,2
5568,SIRPA,15
5569,SIRPB1,1
5570,SIRPB2,1
5571,SIRPG,2
5572,SIRT1,49
5573,SIRT2,13
5574,SIRT3,7
5575,SIRT4,2
5576,SIRT5,8
5577,SIRT6,6
5578,SIRT7,4
5579,SIT1,2
5580,SIVA1,3
5581,SIX1,14
5582,SIX3,4
5583,SIX6,1
5584,SKA1,1
5585,SKA3,2
5586,SKAP1,2
5587,SKAP2,4
5588,SKI,11
5589,SKIL,7
5590,SKP1,6
5591,SKP2,13
5592,SLA,2
5593,SLA2,1
5594,SLAMF1,4
5595,SLAMF6,1
5596,SLAMF9,3
5597,SLBP,5
5598,SLC10A1,4
5599,SLC11A1,4
5600,SLC11A2,1
5601,SLC12A1,4
5602,SLC12A2,6
5603,SLC12A3,4
5604,SLC12A4,1
5605,SLC12A5,1
5606,SLC12A6,2
5607,SLC12A7,1
5608,SLC16A1,1
5609,SLC16A2,1
5610,SLC16A7,1
5611,SLC17A7,1
5612,SLC18A2,11
5613,SLC18A3,1
5614,SLC1A1,1
5615,SLC1A2,1
5616,SLC1A3,3
5617,SLC1A5,1
5618,SLC1A6,1
5619,SLC20A1,3
5620,SLC22A1,1
5621,SLC22A18,2
5622,SLC22A6,1
5623,SLC22A8,1
5624,SLC24A2,3
5625,SLC25A1,1
5626,SLC25A4,2
5627,SLC25A5,1
5628,SLC26A3,1
5629,SLC26A4,2
5630,SLC26A5,1
5631,SLC29A1,2
5632,SLC2A1,3
5633,SLC2A2,4
5634,SLC2A4,4
5635,SLC2A4RG,1
5636,SLC30A9,1
5637,SLC36A4,1
5638,SLC37A1,1
5639,SLC38A2,1
5640,SLC39A7,2
5641,SLC39A8,1
5642,SLC3A2,2
5643,SLC40A1,1
5644,SLC41A3,1
5645,SLC45A2,1
5646,SLC47A1,1
5647,SLC4A1,9
5648,SLC4A10,3
5649,SLC4A11,1
5650,SLC4A3,2
5651,SLC4A4,4
5652,SLC5A3,1
5653,SLC5A5,2
5654,SLC6A1,1
5655,SLC6A12,2
5656,SLC6A2,3
5657,SLC6A3,4
5658,SLC6A4,4
5659,SLC6A8,2
5660,SLC6A9,2
5661,SLC7A1,1
5662,SLC7A11,1
5663,SLC7A5,1
5664,SLC9A1,15
5665,SLC9A3,1
5666,SLC9A3R1,14
5667,SLC9A3R2,7
5668,SLCO1B1,1
5669,SLCO4A1,3
5670,SLIT1,5
5671,SLIT2,10
5672,SLIT3,3
5673,SLITRK1,5
5674,SLITRK2,2
5675,SLITRK3,2
5676,SLITRK4,2
5677,SLITRK5,3
5678,SLITRK6,2
5679,SLK,8
5680,SLN,4
5681,SLPI,3
5682,SLTM,1
5683,SLU7,2
5684,SLURP1,7
5685,SMAD1,38
5686,SMAD2,66
5687,SMAD3,95
5688,SMAD4,47
5689,SMAD5,10
5690,SMAD6,18
5691,SMAD7,32
5692,SMAD9,5
5693,SMAP1,2
5694,SMARCA1,1
5695,SMARCA2,6
5696,SMARCA4,15
5697,SMARCA5,3
5698,SMARCAD1,7
5699,SMARCAL1,1
5700,SMARCB1,5
5701,SMARCC1,9
5702,SMARCC2,10
5703,SMARCD1,1
5704,SMARCD3,4
5705,SMC1A,7
5706,SMC3,10
5707,SMC4,3
5708,SMC6,1
5709,SMCR8,1
5710,SMG1,2
5711,SMO,41
5712,SMPD1,1
5713,SMS,1
5714,SMTN,2
5715,SMURF1,20
5716,SMURF2,15
5717,SMYD2,3
5718,SMYD3,1
5719,SMYD5,1
5720,SNAI1,13
5721,SNAI2,3
5722,SNAP23,1
5723,SNAP25,8
5724,SNAP29,1
5725,SNAP91,4
5726,SNAPC4,2
5727,SNAPIN,7
5728,SNCA,22
5729,SNCAIP,4
5730,SNCB,6
5731,SNCG,1
5732,SND1,3
5733,SNED1,1
5734,SNF8,1
5735,SNIP1,1
5736,SNN,2
5737,SNPH,5
5738,SNRK,1
5739,SNRNP200,1
5740,SNRNP70,6
5741,SNRPB,1
5742,SNTA1,10
5743,SNTB1,1
5744,SNTB2,2
5745,SNTG1,1
5746,SNTG2,1
5747,SNUPN,1
5748,SNW1,9
5749,SNX14,1
5750,SNX2,1
5751,SNX27,1
5752,SNX5,3
5753,SNX6,2
5754,SNX9,4
5755,SOAT2,1
5756,SOCS1,11
5757,SOCS2,3
5758,SOCS3,18
5759,SOCS5,1
5760,SOCS6,1
5761,SOD1,10
5762,SOD2,5
5763,SOD3,1
5764,SON,7
5765,SORBS1,10
5766,SORBS2,4
5767,SORBS3,3
5768,SORCS1,1
5769,SORCS2,1
5770,SORCS3,1
5771,SORL1,8
5772,SORT1,8
5773,SOS1,19
5774,SOS2,3
5775,SOST,3
5776,SOSTDC1,3
5777,SOX10,16
5778,SOX11,3
5779,SOX17,2
5780,SOX2,8
5781,SOX3,2
5782,SOX4,6
5783,SOX6,7
5784,SOX8,1
5785,SOX9,17
5786,SP1,75
5787,SP2,1
5788,SP3,8
5789,SP4,2
5790,SP7,2
5791,SPAG1,1
5792,SPAG11B,1
5793,SPAG5,5
5794,SPAG9,11
5795,SPARC,2
5796,SPAST,4
5797,SPATA13,2
5798,SPDEF,1
5799,SPDYA,2
5800,SPEN,8
5801,SPHK1,6
5802,SPHK2,7
5803,SPI1,50
5804,SPIB,10
5805,SPIN1,1
5806,SPINK1,2
5807,SPINT1,1
5808,SPN,5
5809,SPNS1,2
5810,SPON1,2
5811,SPON2,5
5812,SPOP,11
5813,SPP1,17
5814,SPR,2
5815,SPRED1,1
5816,SPRY1,3
5817,SPRY2,6
5818,SPRY4,4
5819,SPSB1,1
5820,SPSB2,1
5821,SPTAN1,8
5822,SPTBN1,17
5823,SPTBN2,6
5824,SPTBN4,2
5825,SPTLC1,1
5826,SQSTM1,24
5827,SRC,368
5828,SRCAP,1
5829,SRCIN1,3
5830,SREBF1,19
5831,SREBF2,7
5832,SRF,21
5833,SRGAP1,1
5834,SRGAP2,2
5835,SRGAP3,2
5836,SRGN,1
5837,SRI,2
5838,SRMS,1
5839,SRP19,3
5840,SRP54,2
5841,SRP68,2
5842,SRP72,2
5843,SRPK1,6
5844,SRPK2,7
5845,SRPRB,1
5846,SRRM1,11
5847,SRRM2,15
5848,SRRT,5
5849,SRY,3
5850,SS18L1,1
5851,SSB,3
5852,SSBP1,1
5853,SSBP3,2
5854,SSBP4,2
5855,SSH1,11
5856,SSH2,1
5857,SSH3,1
5858,SSRP1,2
5859,SST,10
5860,SSTR1,7
5861,SSTR2,9
5862,SSTR3,8
5863,SSTR4,5
5864,SSTR5,5
5865,SSU72,2
5866,ST13,1
5867,ST14,4
5868,ST6GAL1,2
5869,ST8SIA4,1
5870,STAB1,3
5871,STAB2,1
5872,STAG2,2
5873,STAM,3
5874,STAM2,5
5875,STAMBP,3
5876,STAP1,4
5877,STAP2,3
5878,STAR,7
5879,STARD10,1
5880,STARD13,1
5881,STARD3NL,2
5882,STARD8,2
5883,STAT1,58
5884,STAT2,11
5885,STAT3,85
5886,STAT4,6
5887,STAT5A,39
5888,STAT5B,20
5889,STAT6,21
5890,STATH,1
5891,STBD1,1
5892,STC2,1
5893,STEAP3,1
5894,STEAP4,1
5895,STIL,2
5896,STIM1,7
5897,STIP1,4
5898,STK10,8
5899,STK11,42
5900,STK16,1
5901,STK17A,1
5902,STK17B,2
5903,STK19,1
5904,STK24,7
5905,STK25,4
5906,STK3,30
5907,STK36,4
5908,STK38,14
5909,STK38L,5
5910,STK39,12
5911,STK4,37
5912,STK40,1
5913,STMN1,25
5914,STMN2,9
5915,STMN3,3
5916,STOM,2
5917,STOML2,5
5918,STON1,2
5919,STON2,2
5920,STRA6,1
5921,STRADA,2
5922,STRAP,4
5923,STRN,3
5924,STRN4,3
5925,STUB1,15
5926,STX11,1
5927,STX17,2
5928,STX1A,11
5929,STX3,11
5930,STX4,2
5931,STX5,2
5932,STX7,3
5933,STX8,1
5934,STXBP1,15
5935,STXBP2,2
5936,STXBP4,3
5937,STXBP6,1
5938,STYK1,1
5939,STYX,1
5940,SUB1,1
5941,SUDS3,1
5942,SUFU,14
5943,SUGT1,1
5944,SULF1,1
5945,SULT4A1,1
5946,SUMO1,25
5947,SUMO2,7
5948,SUMO3,3
5949,SUN1,6
5950,SUN2,3
5951,SUPT16H,1
5952,SUPT5H,5
5953,SUPV3L1,1
5954,SUV39H1,3
5955,SUZ12,2
5956,SV2A,2
5957,SV2B,1
5958,SVEP1,1
5959,SVIL,2
5960,SYAP1,3
5961,SYBU,2
5962,SYCP3,2
5963,SYDE2,1
5964,SYK,64
5965,SYMPK,4
5966,SYN1,28
5967,SYN2,3
5968,SYN3,5
5969,SYNCRIP,1
5970,SYNGAP1,3
5971,SYNJ1,4
5972,SYNJ2,2
5973,SYNJ2BP,1
5974,SYNPO,4
5975,SYNRG,2
5976,SYP,8
5977,SYT1,11
5978,SYT2,1
5979,SYT4,1
5980,SYT6,1
5981,SYTL1,1
5982,SYTL3,1
5983,SYVN1,4
5984,TAB1,9
5985,TAB2,7
5986,TAB3,6
5987,TAC1,6
5988,TAC3,3
5989,TAC4,3
5990,TACC1,3
5991,TACC2,1
5992,TACC3,4
5993,TACR1,11
5994,TACR2,7
5995,TACR3,11
5996,TACSTD2,1
5997,TAF1,6
5998,TAF10,1
5999,TAF12,1
6000,TAF15,1
6001,TAF1A,2
6002,TAF2,5
6003,TAF3,6
6004,TAF4,1
6005,TAF6,3
6006,TAF7,1
6007,TAGAP,3
6008,TAGLN,2
6009,TAGLN2,4
6010,TAL1,12
6011,TAL2,4
6012,TANC1,2
6013,TANC2,2
6014,TANK,3
6015,TAOK1,7
6016,TAOK2,9
6017,TAOK3,4
6018,TAP1,7
6019,TAP2,6
6020,TAPBP,5
6021,TARBP2,2
6022,TARDBP,9
6023,TASP1,2
6024,TAX1BP1,2
6025,TAX1BP3,2
6026,TBC1D1,3
6027,TBC1D10A,2
6028,TBC1D15,1
6029,TBC1D23,1
6030,TBC1D25,1
6031,TBC1D4,5
6032,TBC1D5,2
6033,TBC1D7,1
6034,TBCB,2
6035,TBK1,35
6036,TBL1X,1
6037,TBL1XR1,4
6038,TBL1Y,1
6039,TBP,9
6040,TBR1,3
6041,TBX1,1
6042,TBX2,2
6043,TBX21,4
6044,TBX3,1
6045,TBXA2R,9
6046,TBXAS1,2
6047,TCAP,4
6048,TCEA1,2
6049,TCEA2,1
6050,TCEAL1,3
6051,TCF12,3
6052,TCF20,6
6053,TCF3,20
6054,TCF4,9
6055,TCF7,5
6056,TCF7L2,14
6057,TCL1A,4
6058,TCL1B,2
6059,TCN1,1
6060,TCN2,2
6061,TCOF1,6
6062,TCTN1,8
6063,TCTN2,2
6064,TCTN3,2
6065,TDG,11
6066,TDGF1,11
6067,TDO2,1
6068,TDP1,3
6069,TDP2,4
6070,TEAD1,3
6071,TEAD2,2
6072,TEAD3,2
6073,TEAD4,2
6074,TEC,16
6075,TECTA,1
6076,TECTB,2
6077,TEK,19
6078,TELO2,4
6079,TEP1,2
6080,TERF1,11
6081,TERF2,10
6082,TERF2IP,5
6083,TERT,19
6084,TESK1,6
6085,TESK2,3
6086,TET1,1
6087,TET2,5
6088,TET3,1
6089,TEX101,1
6090,TEX14,1
6091,TF,6
6092,TFAM,3
6093,TFAP2A,5
6094,TFAP2B,2
6095,TFAP2C,1
6096,TFAP4,5
6097,TFCP2,5
6098,TFDP1,4
6099,TFEB,9
6100,TFF1,3
6101,TFF2,2
6102,TFF3,1
6103,TFG,3
6104,TFIP11,2
6105,TFPI,6
6106,TFPT,1
6107,TFR2,2
6108,TFRC,8
6109,TG,5
6110,TGFA,10
6111,TGFB1,30
6112,TGFB1I1,6
6113,TGFB2,5
6114,TGFB3,9
6115,TGFBR1,48
6116,TGFBR2,29
6117,TGFBR3,8
6118,TGIF1,1
6119,TGM2,9
6120,TGOLN2,1
6121,TGS1,2
6122,TH,16
6123,THBD,4
6124,THBS1,24
6125,THBS2,12
6126,THBS3,2
6127,THBS4,1
6128,THEM4,1
6129,THEMIS,1
6130,THOC1,1
6131,THOC2,2
6132,THOC5,3
6133,THOP1,1
6134,THPO,1
6135,THRA,15
6136,THRAP3,9
6137,THRB,12
6138,THRSP,1
6139,THSD7A,1
6140,THY1,7
6141,TIA1,1
6142,TIAL1,2
6143,TIAM1,14
6144,TIAM2,1
6145,TICAM1,12
6146,TIE1,10
6147,TIFA,1
6148,TIGIT,7
6149,TIMD4,3
6150,TIMELESS,5
6151,TIMP1,4
6152,TIMP2,6
6153,TIMP3,8
6154,TINF2,3
6155,TIPIN,3
6156,TIPRL,1
6157,TIRAP,8
6158,TJAP1,1
6159,TJP1,20
6160,TJP2,18
6161,TJP3,9
6162,TK1,3
6163,TKT,2
6164,TLE1,6
6165,TLE2,2
6166,TLE3,6
6167,TLE4,3
6168,TLE6,1
6169,TLK1,4
6170,TLK2,6
6171,TLN1,13
6172,TLN2,1
6173,TLR1,4
6174,TLR10,1
6175,TLR2,18
6176,TLR3,3
6177,TLR4,32
6178,TLR5,3
6179,TLR6,6
6180,TLR7,3
6181,TLR8,1
6182,TLR9,9
6183,TLX1,15
6184,TLX2,1
6185,TLX3,1
6186,TM9SF4,2
6187,TMC1,2
6188,TMC2,2
6189,TMED10,2
6190,TMED5,2
6191,TMEM123,1
6192,TMEM129,1
6193,TMEM132A,2
6194,TMEM161A,1
6195,TMEM167A,1
6196,TMEM216,1
6197,TMEM219,1
6198,TMEM222,1
6199,TMEM53,1
6200,TMEM59L,1
6201,TMEM67,1
6202,TMEM81,1
6203,TMEM95,1
6204,TMIGD2,2
6205,TMOD1,2
6206,TMPO,3
6207,TMPRSS2,1
6208,TMPRSS6,3
6209,TMX1,1
6210,TNC,13
6211,TNF,28
6212,TNFAIP1,3
6213,TNFAIP3,11
6214,TNFAIP8,3
6215,TNFAIP8L2,1
6216,TNFRSF10A,8
6217,TNFRSF10B,10
6218,TNFRSF10C,3
6219,TNFRSF10D,2
6220,TNFRSF11A,4
6221,TNFRSF11B,23
6222,TNFRSF12A,9
6223,TNFRSF13B,3
6224,TNFRSF13C,3
6225,TNFRSF14,8
6226,TNFRSF17,7
6227,TNFRSF18,1
6228,TNFRSF19,1
6229,TNFRSF1A,16
6230,TNFRSF1B,9
6231,TNFRSF21,4
6232,TNFRSF25,5
6233,TNFRSF4,1
6234,TNFRSF6B,4
6235,TNFRSF8,4
6236,TNFRSF9,1
6237,TNFSF10,10
6238,TNFSF11,3
6239,TNFSF12,4
6240,TNFSF13,7
6241,TNFSF13B,7
6242,TNFSF14,3
6243,TNFSF15,3
6244,TNFSF18,1
6245,TNFSF4,2
6246,TNFSF8,2
6247,TNFSF9,4
6248,TNIK,2
6249,TNIP1,1
6250,TNIP2,2
6251,TNK2,12
6252,TNKS,10
6253,TNKS1BP1,9
6254,TNKS2,8
6255,TNNI2,2
6256,TNNI3,17
6257,TNNT2,7
6258,TNNT3,1
6259,TNPO1,5
6260,TNPO3,1
6261,TNR,1
6262,TNS1,1
6263,TNS3,1
6264,TOB1,3
6265,TOB2,1
6266,TOLLIP,2
6267,TOM1L1,2
6268,TOP1,9
6269,TOP2A,13
6270,TOP2B,4
6271,TOPBP1,15
6272,TOPORS,5
6273,TOR1A,2
6274,TOR1AIP1,2
6275,TP53,294
6276,TP53AIP1,3
6277,TP53BP1,31
6278,TP53BP2,3
6279,TP53I3,1
6280,TP53INP1,8
6281,TP53INP2,2
6282,TP53RK,3
6283,TP53TG5,1
6284,TP63,26
6285,TP73,36
6286,TPBG,2
6287,TPD52,1
6288,TPD52L2,3
6289,TPH1,14
6290,TPH2,1
6291,TPI1,1
6292,TPM1,2
6293,TPM2,1
6294,TPM3,2
6295,TPO,3
6296,TPPP,2
6297,TPR,6
6298,TPSAB1,1
6299,TPSB2,1
6300,TPSG1,1
6301,TPT1,1
6302,TPX2,13
6303,TRA2B,6
6304,TRADD,16
6305,TRAF1,5
6306,TRAF2,33
6307,TRAF3,15
6308,TRAF3IP2,1
6309,TRAF4,3
6310,TRAF5,3
6311,TRAF6,43
6312,TRAF7,2
6313,TRAIP,1
6314,TRAK2,1
6315,TRAP1,2
6316,TRAPPC9,2
6317,TRAT1,2
6318,TRDMT1,1
6319,TREM1,4
6320,TREM2,11
6321,TREML1,1
6322,TREML2,4
6323,TREML4,1
6324,TRERF1,3
6325,TREX1,1
6326,TRH,1
6327,TRHDE,1
6328,TRHR,3
6329,TRIAP1,1
6330,TRIB2,1
6331,TRIB3,4
6332,TRIM10,1
6333,TRIM11,2
6334,TRIM13,5
6335,TRIM15,1
6336,TRIM17,2
6337,TRIM2,3
6338,TRIM21,4
6339,TRIM22,3
6340,TRIM23,3
6341,TRIM24,5
6342,TRIM25,8
6343,TRIM26,1
6344,TRIM27,5
6345,TRIM28,32
6346,TRIM29,1
6347,TRIM3,3
6348,TRIM31,1
6349,TRIM32,4
6350,TRIM33,6
6351,TRIM34,1
6352,TRIM35,1
6353,TRIM36,1
6354,TRIM37,1
6355,TRIM38,2
6356,TRIM39,3
6357,TRIM4,1
6358,TRIM40,1
6359,TRIM41,3
6360,TRIM42,1
6361,TRIM43,1
6362,TRIM43B,1
6363,TRIM45,1
6364,TRIM46,1
6365,TRIM47,2
6366,TRIM48,1
6367,TRIM49,1
6368,TRIM5,3
6369,TRIM50,1
6370,TRIM52,1
6371,TRIM54,1
6372,TRIM55,1
6373,TRIM56,1
6374,TRIM58,1
6375,TRIM59,3
6376,TRIM6,1
6377,TRIM60,1
6378,TRIM61,1
6379,TRIM62,1
6380,TRIM63,2
6381,TRIM65,1
6382,TRIM67,1
6383,TRIM68,1
6384,TRIM69,1
6385,TRIM7,1
6386,TRIM71,2
6387,TRIM72,1
6388,TRIM73,1
6389,TRIM74,1
6390,TRIM8,4
6391,TRIM9,3
6392,TRIML1,1
6393,TRIO,4
6394,TRIOBP,3
6395,TRIP10,3
6396,TRIP11,4
6397,TRIP12,6
6398,TRIP13,2
6399,TRIP4,2
6400,TRIP6,3
6401,TRPA1,1
6402,TRPC1,18
6403,TRPC3,19
6404,TRPC4,4
6405,TRPC4AP,1
6406,TRPC5,9
6407,TRPC6,11
6408,TRPC7,2
6409,TRPM1,1
6410,TRPM2,8
6411,TRPM3,1
6412,TRPM4,6
6413,TRPM6,2
6414,TRPM7,6
6415,TRPM8,4
6416,TRPS1,1
6417,TRPV1,16
6418,TRPV3,2
6419,TRPV4,17
6420,TRPV5,14
6421,TRPV6,15
6422,TRRAP,7
6423,TSC1,12
6424,TSC2,27
6425,TSC22D3,5
6426,TSG101,3
6427,TSHB,12
6428,TSHR,33
6429,TSHZ3,2
6430,TSKU,1
6431,TSLP,2
6432,TSNAX,1
6433,TSPAN1,3
6434,TSPAN10,1
6435,TSPAN12,2
6436,TSPAN13,1
6437,TSPAN14,1
6438,TSPAN15,2
6439,TSPAN17,1
6440,TSPAN3,2
6441,TSPAN33,4
6442,TSPAN5,2
6443,TSPAN7,1
6444,TSPO2,2
6445,TSPY1,1
6446,TSPYL2,1
6447,TSSC4,1
6448,TSSK3,2
6449,TSSK4,1
6450,TTBK1,3
6451,TTBK2,2
6452,TTC19,3
6453,TTC3,2
6454,TTC5,3
6455,TTF1,1
6456,TTF2,1
6457,TTK,20
6458,TTL,9
6459,TTN,5
6460,TTR,1
6461,TTYH1,1
6462,TUB,3
6463,TUBA1A,10
6464,TUBA1B,10
6465,TUBA1C,3
6466,TUBA3C,2
6467,TUBA3D,2
6468,TUBA3E,2
6469,TUBA4A,5
6470,TUBA8,2
6471,TUBB,6
6472,TUBB2A,2
6473,TUBB3,3
6474,TUBB6,1
6475,TUBD1,2
6476,TUBE1,1
6477,TUBG1,4
6478,TUBGCP6,2
6479,TUFM,2
6480,TULP3,1
6481,TUT1,1
6482,TWF1,1
6483,TWIST1,20
6484,TXK,6
6485,TXLNA,3
6486,TXN,12
6487,TXNIP,2
6488,TXNRD1,3
6489,TYK2,31
6490,TYMS,1
6491,TYR,3
6492,TYRO3,11
6493,TYROBP,6
6494,TYRP1,2
6495,TYSND1,3
6496,UBA1,7
6497,UBA52,4
6498,UBAP2,1
6499,UBAP2L,3
6500,UBASH3B,1
6501,UBB,1
6502,UBC,3
6503,UBD,1
6504,UBE2A,5
6505,UBE2B,2
6506,UBE2D1,6
6507,UBE2D2,8
6508,UBE2D3,5
6509,UBE2E1,3
6510,UBE2E2,1
6511,UBE2E3,3
6512,UBE2G2,1
6513,UBE2I,338
6514,UBE2J1,3
6515,UBE2K,1
6516,UBE2L3,1
6517,UBE2M,3
6518,UBE2N,12
6519,UBE2O,1
6520,UBE2R2,2
6521,UBE2S,4
6522,UBE2T,3
6523,UBE2V1,4
6524,UBE2V2,1
6525,UBE3A,10
6526,UBE3B,1
6527,UBE3C,2
6528,UBE4A,1
6529,UBE4B,8
6530,UBIAD1,1
6531,UBLCP1,1
6532,UBN1,2
6533,UBOX5,1
6534,UBQLN2,6
6535,UBQLN4,1
6536,UBR1,4
6537,UBR2,1
6538,UBR5,6
6539,UBTF,12
6540,UBXN1,2
6541,UBXN2B,2
6542,UBXN8,1
6543,UCHL1,1
6544,UCHL3,3
6545,UCHL5,5
6546,UCKL1,1
6547,UCN,2
6548,UCN2,3
6549,UCN3,3
6550,UGT1A3,1
6551,UGT1A6,1
6552,UGT1A7,1
6553,UGT1A9,1
6554,UGT2B7,2
6555,UHMK1,7
6556,UHRF1,8
6557,UHRF2,4
6558,UIMC1,8
6559,ULBP1,1
6560,ULBP2,2
6561,ULBP3,4
6562,ULK1,38
6563,ULK2,9
6564,ULK3,3
6565,UNC13B,11
6566,UNC5A,14
6567,UNC5B,10
6568,UNC5C,6
6569,UNC5D,12
6570,UNC80,2
6571,UNG,6
6572,UNK,1
6573,UNKL,1
6574,UPF1,7
6575,UPF2,1
6576,UPF3B,1
6577,USF1,6
6578,USF2,2
6579,USH1C,2
6580,USH1G,1
6581,USHBP1,1
6582,USO1,3
6583,USP1,5
6584,USP10,4
6585,USP13,2
6586,USP14,3
6587,USP15,3
6588,USP16,3
6589,USP17L2,1
6590,USP19,3
6591,USP2,1
6592,USP20,4
6593,USP21,2
6594,USP22,1
6595,USP24,6
6596,USP25,1
6597,USP28,5
6598,USP32,1
6599,USP34,2
6600,USP37,3
6601,USP4,4
6602,USP47,1
6603,USP5,3
6604,USP6,3
6605,USP6NL,3
6606,USP7,11
6607,USP8,6
6608,USP9X,6
6609,UTP3,1
6610,UTRN,2
6611,UTS2,1
6612,UTS2R,9
6613,UVRAG,8
6614,UXT,1
6615,VAC14,1
6616,VAMP1,1
6617,VAMP2,7
6618,VAMP3,1
6619,VAMP4,2
6620,VAMP7,1
6621,VANGL2,1
6622,VAPA,7
6623,VAPB,2
6624,VASN,1
6625,VASP,18
6626,VAV1,29
6627,VAV2,22
6628,VAV3,10
6629,VCAM1,14
6630,VCAN,25
6631,VCL,6
6632,VCP,14
6633,VCPIP1,2
6634,VDAC1,10
6635,VDAC2,1
6636,VDR,14
6637,VEGFA,23
6638,VEGFB,4
6639,VEGFC,10
6640,VGLL1,1
6641,VGLL4,1
6642,VHL,8
6643,VIL1,1
6644,VIM,32
6645,VIP,18
6646,VIPR1,27
6647,VIPR2,4
6648,VLDLR,12
6649,VPS11,3
6650,VPS13B,3
6651,VPS18,4
6652,VPS35,1
6653,VPS39,4
6654,VPS41,1
6655,VPS4A,1
6656,VPS72,10
6657,VPS8,1
6658,VRK1,10
6659,VRK2,6
6660,VRK3,2
6661,VSIG10,1
6662,VSIG4,1
6663,VSIG8,9
6664,VTCN1,1
6665,VTN,26
6666,VWF,28
6667,WAC,2
6668,WAS,9
6669,WASF1,8
6670,WASF2,6
6671,WASF3,1
6672,WASL,14
6673,WBP1,1
6674,WBP2,1
6675,WDFY1,1
6676,WDFY3,6
6677,WDHD1,3
6678,WDR33,1
6679,WDR45,4
6680,WDR48,1
6681,WDR5,1
6682,WDR59,1
6683,WDR62,9
6684,WDR83,3
6685,WDSUB1,1
6686,WEE1,19
6687,WFIKKN2,3
6688,WFS1,1
6689,WIF1,2
6690,WIPF1,6
6691,WIPI1,4
6692,WIPI2,2
6693,WIZ,2
6694,WLS,2
6695,WNK1,15
6696,WNK2,2
6697,WNK3,8
6698,WNK4,8
6699,WNT1,28
6700,WNT10A,6
6701,WNT10B,7
6702,WNT11,9
6703,WNT16,5
6704,WNT2,11
6705,WNT2B,5
6706,WNT3,8
6707,WNT3A,20
6708,WNT4,12
6709,WNT5A,30
6710,WNT5B,7
6711,WNT6,7
6712,WNT7A,10
6713,WNT7B,8
6714,WNT8A,9
6715,WNT8B,3
6716,WNT9A,7
6717,WNT9B,8
6718,WRAP53,2
6719,WRN,14
6720,WRNIP1,2
6721,WSB1,1
6722,WT1,9
6723,WTAP,4
6724,WWC1,7
6725,WWOX,5
6726,WWP1,6
6727,WWP2,5
6728,WWTR1,22
6729,XAB2,2
6730,XAF1,3
6731,XBP1,11
6732,XCL1,1
6733,XCL2,1
6734,XCR1,3
6735,XDH,1
6736,XIAP,15
6737,XK,3
6738,XPA,10
6739,XPC,9
6740,XPO1,5
6741,XPO5,3
6742,XPOT,1
6743,XRCC1,10
6744,XRCC2,1
6745,XRCC3,2
6746,XRCC4,9
6747,XRCC5,6
6748,XRCC6,8
6749,XRN2,4
6750,YAP1,33
6751,YBX1,10
6752,YES1,16
6753,YIF1A,1
6754,YIF1B,2
6755,YKT6,1
6756,YLPM1,3
6757,YTHDC1,2
6758,YTHDF2,1
6759,YWHAB,13
6760,YWHAE,7
6761,YWHAG,3
6762,YWHAH,18
6763,YWHAQ,21
6764,YWHAZ,17
6765,YY1,14
6766,ZAP70,34
6767,ZBED1,1
6768,ZBP1,3
6769,ZBTB12,1
6770,ZBTB16,19
6771,ZBTB17,3
6772,ZBTB4,2
6773,ZBTB49,2
6774,ZC3H12A,2
6775,ZC3H18,1
6776,ZC3H8,1
6777,ZC3HAV1,4
6778,ZC3HC1,5
6779,ZDHHC13,1
6780,ZDHHC16,1
6781,ZDHHC2,5
6782,ZDHHC5,3
6783,ZDHHC9,3
6784,ZEB1,4
6785,ZEB2,2
6786,ZFHX3,3
6787,ZFP36,13
6788,ZFP36L1,3
6789,ZFP42,1
6790,ZFP91,1
6791,ZFPL1,1
6792,ZFPM1,4
6793,ZFPM2,1
6794,ZFX,1
6795,ZFY,1
6796,ZFYVE16,2
6797,ZFYVE19,1
6798,ZFYVE26,2
6799,ZFYVE28,1
6800,ZFYVE9,6
6801,ZG16B,5
6802,ZHX1,4
6803,ZHX2,3
6804,ZHX3,1
6805,ZIC1,4
6806,ZIC2,3
6807,ZIC3,1
6808,ZKSCAN3,3
6809,ZMIZ1,2
6810,ZMYM2,7
6811,ZMYM3,3
6812,ZMYND11,1
6813,ZMYND8,6
6814,ZNF148,2
6815,ZNF217,3
6816,ZNF224,1
6817,ZNF239,1
6818,ZNF24,3
6819,ZNF264,2
6820,ZNF281,2
6821,ZNF318,2
6822,ZNF335,3
6823,ZNF341,1
6824,ZNF350,2
6825,ZNF420,2
6826,ZNF462,1
6827,ZNF511,1
6828,ZNF516,2
6829,ZNF521,2
6830,ZNF598,1
6831,ZNF622,1
6832,ZNF652,2
6833,ZNF692,1
6834,ZNF746,1
6835,ZNF76,1
6836,ZNF804A,1
6837,ZNHIT1,2
6838,ZNRF1,1
6839,ZNRF2,2
6840,ZNRF3,12
6841,ZNRF4,1
6842,ZP3,3
6843,ZPBP2,1
6844,ZRANB1,2
6845,ZRANB2,2
6846,ZSWIM2,4
6847,ZW10,1
6848,ZWINT,2
6849,ZXDC,1
6850,ZYX,6
